category,english,lummi,part_of_speech,context_notes,source
vocabulary,a dressed skin,hül-la-kan,noun,N/A,original
vocabulary,above,se-suk′tl,noun,N/A,original
vocabulary,adze,s'chüm′mün,noun,N/A,original
vocabulary,afraid,sái-sin,noun,N/A,original
vocabulary,after,il-kwâ-wüs,noun,N/A,original
vocabulary,afternoon,Skwey'el,noun,N/A,original
vocabulary,alder,skwang-l'tch,noun,N/A,original
vocabulary,alive,"hal-ikh, hal-lé",noun,N/A,original
vocabulary,all,"makw, mokw",noun,N/A,original
vocabulary,also,Tl'al,noun,N/A,original
vocabulary,always,"wai, wa-hái, o-wái-la;",noun,N/A,original
vocabulary,am,Do,noun,N/A,original
vocabulary,and,I,noun,N/A,original
vocabulary,and you,I' tse nekw,noun,N/A,original
vocabulary,anemone,SLhoLex,noun,N/A,original
vocabulary,angry,kwin-tün,noun,N/A,original
vocabulary,animals,TetoseLnexw,noun,N/A,original
vocabulary,arbutus ( a. menzesii ),kō-kwéltsh,noun,N/A,original
vocabulary,arm,ta′lo;,noun,N/A,original
vocabulary,arrow,yitcht,noun,N/A,original
vocabulary,ashes,kwái-chp,noun,N/A,original
vocabulary,at,"_to be at_, lä-si _or_ lak-si;",noun,N/A,original
vocabulary,atlas joint,kük-kak-w'chis,noun,N/A,original
vocabulary,aunt,shé-ilsh,noun,N/A,original
vocabulary,autumn,"chits-at-lin, tsa-whéngst",noun,N/A,original
vocabulary,axe,"ku′küm. (küm-müt, _to chop_.)",noun,N/A,original
vocabulary,back,"_the_, stas-kwitl",noun,N/A,original
vocabulary,bad,"h'äs, s'häs",noun,N/A,original
vocabulary,bag  or sack ,chu-kwal′,noun,N/A,original
vocabulary,bail a boat,"_to_, chi-kwást;",noun,N/A,original
vocabulary,( in simiamoo ),kwül′lüt,noun,N/A,original
vocabulary,bald,ko′a-lekw,noun,N/A,original
vocabulary,bald eagle,yükh-wül-la,noun,N/A,original
vocabulary,barberry,skwâ-cha-sitsh,noun,N/A,original
vocabulary,bark,"_of the fir_, chül′li;",noun,N/A,original
vocabulary,barnacle,süm-mai-ya,noun,N/A,original
vocabulary,barnacles,Tsemie,noun,N/A,original
vocabulary,basket,"_potato basket_, kl-päk;",noun,N/A,original
vocabulary,be,"_to_, _See ""at,"" ""live.""_",verb,N/A,original
vocabulary,be quiet,semexw,verb,N/A,original
vocabulary,beach birds,"small snipe (_?generic_), pel-latsh, skeks",noun,N/A,original
vocabulary,beads,"_large blue kind_, shkwe′-kwün;",noun,N/A,original
vocabulary,beak,nük′sünsh (v. _nose_),noun,N/A,original
vocabulary,bear,"_black_, schüt′hün;",noun,N/A,original
vocabulary,beard,kwin′s'n;,noun,N/A,original
vocabulary,beaver,skül-láu,noun,N/A,original
vocabulary,before ( in point of time ),kwül-hés-lüt-sin,noun,N/A,original
vocabulary,bellingham,Xwotqwem,noun,N/A,original
vocabulary,belly,"kwül′la, kläs",noun,N/A,original
vocabulary,below,kläkhl,noun,N/A,original
vocabulary,berries,selhteneng,noun,N/A,original
vocabulary,berries of do.,kül-lük,noun,N/A,original
vocabulary,big horn ( ovis montana ),kwe-kwüt-chen,noun,N/A,original
vocabulary,big sea urchin,Xaox,noun,N/A,original
vocabulary,birch,kats-ül′tch,noun,N/A,original
vocabulary,birch bay,Ts'awex,noun,N/A,original
vocabulary,bird,"_water fowl_, mo′ōk;",noun,N/A,original
vocabulary,birds,_parts of_:,noun,N/A,original
vocabulary,bite,"_to_, tsing-ut-tüng",noun,N/A,original
vocabulary,black,nük-kikh,noun,N/A,original
vocabulary,black bear,Schetxwen,noun,N/A,original
vocabulary,black cap,Chilqwome,noun,N/A,original
vocabulary,blackberries,SqeLaLnexw,noun,N/A,original
vocabulary,blanket,"_feather blanket_ (_a native manufacture_), stüm-mo-whitl;",noun,N/A,original
vocabulary,blaze,"_to_, hu-tâ-ku",noun,N/A,original
vocabulary,blind,klä-litsh,noun,N/A,original
vocabulary,blood,säs-tchin,noun,N/A,original
vocabulary,blow  with the breath ,"_to_, pa′-hwt;",noun,N/A,original
vocabulary,blue,chi-á-lis;,noun,N/A,original
vocabulary,blue berry,MoLsem,noun,N/A,original
vocabulary,blue heron,snekwe,noun,N/A,original
vocabulary,blue jay,chi-ya,noun,N/A,original
vocabulary,board,"_planks_, sél-to",noun,N/A,original
vocabulary,bob cat,Kwechpish,noun,N/A,original
vocabulary,boil,"_to_, kwül-lüs′",noun,N/A,original
vocabulary,bone,"sōm, s'ham",noun,N/A,original
vocabulary,bore,"_to_, _as with a gimlet_, slük′-wüt, nük-slük′wüt",noun,N/A,original
vocabulary,bosom ( female ),sküm′ma,noun,N/A,original
vocabulary,both do.,skül′la-hans,noun,N/A,original
vocabulary,bow,tsá-cha-sen,noun,N/A,original
vocabulary,bowl,lo'sen,noun,N/A,original
vocabulary,bowsman,"_of canoe_, he′u",noun,N/A,original
vocabulary,box  or chest ,kla-yüks,noun,N/A,original
vocabulary,boy,"s'ch-chi-álkh, schi′atl, stet-látkl",noun,N/A,original
vocabulary,bracelets,"_of brass wire_, tsa-met-chin",noun,N/A,original
vocabulary,brain,smet-küs,noun,N/A,original
vocabulary,brake fern,sük-ka-an′,noun,N/A,original
vocabulary,brant,lholi,noun,N/A,original
vocabulary,brant ( bernicla ),"hül-hül′tsh, hül-hül′cha",noun,N/A,original
vocabulary,bread,"_baked_, tau′ükh",noun,N/A,original
vocabulary,break,"_to_, (_broken_), ti-kwüt-tüng",noun,N/A,original
vocabulary,breast ( chest ),tsüng′ütl,noun,N/A,original
vocabulary,breeze,PexwiLe,noun,N/A,original
vocabulary,bring,"_to_, an-ákh-hu",verb/gerund,N/A,original
vocabulary,broad,nükh-hwái-ük-w'tl,noun,N/A,original
vocabulary,brother,"_elder_, shi-itlkh;",noun,N/A,original
vocabulary,brother-in-law,_idem (?)_,noun,N/A,original
vocabulary,brown,Nekwiem,noun,N/A,original
vocabulary,buck,"sist-ün, _i.e._ ""horned.""",noun,N/A,original
vocabulary,burn,"_I_, chükw′ sin;",noun,N/A,original
vocabulary,bury,"_to_, (_to cache_), as-chá-nütl",noun,N/A,original
vocabulary,butter clam,Soxwe,noun,N/A,original
vocabulary,buy,"_to_, (_to trade or barter_), hwái-üm;",noun,N/A,original
vocabulary,bye and bye,o-wäs-hés,noun,N/A,original
vocabulary,calorhynchus,skwâ-ma,noun,N/A,original
vocabulary,canada goose,ákh-ha,noun,N/A,original
vocabulary,canadian goose,Tl'akweng,noun,N/A,original
vocabulary,canoe,Snekwlh,noun,N/A,original
vocabulary,canoe ( generic ),skwâlkh;,noun,N/A,original
vocabulary,canvass back ( aythya ),hókh-ko-nitsh,noun,N/A,original
vocabulary,carry,"_to_, süng-at′;",noun,N/A,original
vocabulary,cat-tail rush,s_á_-kün,noun,N/A,original
vocabulary,cattail mat,Slawen,noun,N/A,original
vocabulary,cedar,"(_Thuja_), h'pai",noun,N/A,original
vocabulary,cedar ( thuja ),h'chá-chiltsh,noun,N/A,original
vocabulary,cedar bark,shl-kōm,noun,N/A,original
vocabulary,cedar basket,Mehoy',noun,N/A,original
vocabulary,cedar mat,Ts'emet,noun,N/A,original
vocabulary,certainly,"_of course_, ho′wüs",noun,N/A,original
vocabulary,ch'si′o-wün,"_a particular gift or capacity acquired by fasting, etc.,",noun,N/A,original
vocabulary,chair,xwetsawechen,noun,N/A,original
vocabulary,chickadee ( parus ),ts-ka-yis,noun,N/A,original
vocabulary,chief,si-ám,noun,N/A,original
vocabulary,chinook,"and probably in others, the word for ""thing"" is the same",noun,N/A,original
vocabulary,chipmunk,Kwepichen,noun,N/A,original
vocabulary,chisel,"_of stone_, sh-we′ükh",noun,N/A,original
vocabulary,chiton,hül′lüng,noun,N/A,original
vocabulary,chop wood,"_to_, küm′müt",noun,N/A,original
vocabulary,chuckanut,Nexw T'chekenets,noun,N/A,original
vocabulary,clam basket,Lhepat,noun,N/A,original
vocabulary,clear off,"_to_, (_of the weather_), s'ai-yüt-tung;",noun,N/A,original
vocabulary,clear skies,Ey' iLeng,noun,N/A,original
vocabulary,clear sky,shu-ewk'h-hu,noun,N/A,original
vocabulary,cloth,"_calico_, as-hálkh (_i.e. ""figured""_);",noun,N/A,original
vocabulary,clouds,spa′hu;,noun,N/A,original
vocabulary,coal,"_stone coal_, pe′chit",noun,N/A,original
vocabulary,coals  of fire ,chtist,noun,N/A,original
vocabulary,coat,snu-éks,noun,N/A,original
vocabulary,cockle ( cardium ),sk′läm,noun,N/A,original
vocabulary,cockle clam,SLho'em,noun,N/A,original
vocabulary,cod,ait,noun,N/A,original
vocabulary,cold (weather),Ts'ixweng,noun,N/A,original
vocabulary,color,Q'etLe,noun,N/A,original
vocabulary,come,"_to_, n'a, e-ná;",noun,N/A,original
vocabulary,come here,ena' tachel,noun,N/A,original
vocabulary,continuous wind,SpxweLe,noun,N/A,original
vocabulary,cook,"_to cook on hot stones_, k'k'pak",noun,N/A,original
vocabulary,cooked,"_it is cooked_ (""_done_""), kwül",noun,N/A,original
vocabulary,copulate,"_to_, sün-nókh",noun,N/A,original
vocabulary,cormorant,mäs-sitch,noun,N/A,original
vocabulary,cougar,shwo′wa,noun,N/A,original
vocabulary,cough,"_to_, ta′kwün",noun,N/A,original
vocabulary,cover,"_to_, kle-hwés-tüng",noun,N/A,original
vocabulary,crab,"bes-kwu, ä-chükh",noun,N/A,original
vocabulary,crab apple tree,kükh-whétsh,noun,N/A,original
vocabulary,cradle,pat′süts,noun,N/A,original
vocabulary,crow,skwekwote,noun,N/A,original
vocabulary,cry,"_I_, ho-ang′sün",noun,N/A,original
vocabulary,cup,mem′tük'h,noun,N/A,original
vocabulary,curlew,mük-mük-kwa,noun,N/A,original
vocabulary,cut  with a knife ,"_to_, shipt",noun,N/A,original
vocabulary,cuttle fish,ské-mūk,noun,N/A,original
vocabulary,dad,Man,noun,N/A,original
vocabulary,dance,"_to_, koi-el′lish, kwi-é-lish",noun,N/A,original
vocabulary,dark,klatch,noun,N/A,original
vocabulary,dark grey,Q'exeL,noun,N/A,original
vocabulary,daughter,ng-ün′na,noun,N/A,original
vocabulary,daughter-in-law,skwá-lo-wis,noun,N/A,original
vocabulary,dawn,Ta'tu,noun,N/A,original
vocabulary,day,skwá-chil,noun,N/A,original
vocabulary,dead,"kwái-i, ko-áikh",noun,N/A,original
vocabulary,deep,klütsh,noun,N/A,original
vocabulary,deep water bay,PisheLaqen,noun,N/A,original
vocabulary,deer,"smis, smé-is, hōpt;",noun,N/A,original
vocabulary,dewberry,skül-nu-whélsh,noun,N/A,original
vocabulary,dig,"_to_, _roots in general_, pä-nükhw′, pän-hu;",noun,N/A,original
vocabulary,dirty,tüng-hwäs′,noun,N/A,original
vocabulary,dish,chawi,noun,N/A,original
vocabulary,dishes,nu-wh'tsh-kwé-la,noun,N/A,original
vocabulary,distinction made,as in the Nisqually._),noun,N/A,original
vocabulary,dog,"sko-mái, ská-ha",noun,N/A,original
vocabulary,dog fish,Sky'ekshen,noun,N/A,original
vocabulary,dog salmon / chum,Quoloux,noun,N/A,original
vocabulary,don't,kwe-ét,noun,N/A,original
vocabulary,done/finished/complete,Hoy',noun,N/A,original
vocabulary,door,"_also road_, satl",noun,N/A,original
vocabulary,down,skái-us,noun,N/A,original
vocabulary,dream,"_to_, kül-kül-la′sin",noun,N/A,original
vocabulary,dress  a skin ,"_to_, e′ükh",noun,N/A,original
vocabulary,drink,"_to_, kâ-ko, nus-kâkh;",noun,N/A,original
vocabulary,drum,"_to_, _as in conjuring or at dances_, kau-ä′tüng",noun,N/A,original
vocabulary,drunk,"_foolish_, as-hwákw, äs-hwákw-tün",noun,N/A,original
vocabulary,dry,sel′-üp,noun,N/A,original
vocabulary,duck,spl-häntl;,noun,N/A,original
vocabulary,dull,"_as a tool_, kül-lás",noun,N/A,original
vocabulary,dusky grouse,ng'e′et,noun,N/A,original
vocabulary,dwarf pine ( p. contorta ),kwákhwl-ch,noun,N/A,original
vocabulary,eagle,kwelengsen,noun,N/A,original
vocabulary,eagles,"golden eagle, kwül′-lüng-sen;",noun,N/A,original
vocabulary,ear,kwül′lün,noun,N/A,original
vocabulary,ear rings,sklau-ün,noun,N/A,original
vocabulary,earth,"_the_, _land_, s'che-tung′a-whün, s'che-tüng-a-hüng;",noun,N/A,original
vocabulary,east wind,Sches,noun,N/A,original
vocabulary,eat,"_to_, it′lün, it′l'nkh;",noun,N/A,original
vocabulary,ebb tide,hi-klatl'h,noun,N/A,original
vocabulary,echo,sän-gün,noun,N/A,original
vocabulary,eel,Lelesen,noun,N/A,original
vocabulary,egg,"sn'lng-_á_nt, kwün-kwün-né",noun,N/A,original
vocabulary,eight,"tas, tus-sä-la, tus-sält-hu",noun,N/A,original
vocabulary,elbow,"_or knee-joint_, kl-yüt-sé-tün",noun,N/A,original
vocabulary,elder,tsé-wükh,noun,N/A,original
vocabulary,elder berry,Tsiweq',noun,N/A,original
vocabulary,elder sister,á-lish;,noun,N/A,original
vocabulary,elk,"kwáu-watsh, ky-yétsh, kai-yéts",noun,N/A,original
vocabulary,end,"_the end of anything_, sä-ans",noun,N/A,original
vocabulary,entrails,ük-khes,noun,N/A,original
vocabulary,equisetum,"mäkhw, á-is-küd",noun,N/A,original
vocabulary,evening,t'tang′en,verb/gerund,N/A,original
vocabulary,every^1 thing^2,mükw^1 stang^2,noun,N/A,original
vocabulary,exchange,"_to_, i-yakt′",noun,N/A,original
vocabulary,excuse me,qwaelex,noun,N/A,original
vocabulary,eye,kül′lüng,noun,N/A,original
vocabulary,eyebrow,süng′ün;,noun,N/A,original
vocabulary,face,sas,noun,N/A,original
vocabulary,fairhaven,SiseLech,noun,N/A,original
vocabulary,falcon,ts'ixw ts'exw,noun,N/A,original
vocabulary,fall,PixweL,noun,N/A,original
vocabulary,far,"chakw, chōkw",noun,N/A,original
vocabulary,fart,"tük-snitch. _It is the common expression of disgust at anything,",noun,N/A,original
vocabulary,fat,"_adj._, tlet-lük",noun,N/A,original
vocabulary,father,män,noun,N/A,original
vocabulary,father-in-law,slätl,noun,N/A,original
vocabulary,fawn,stül-la,noun,N/A,original
vocabulary,feathers,"stá-kw, sl'pal′kan",noun,N/A,original
vocabulary,female,slá-ne,noun,N/A,original
vocabulary,ferndale,Titisen,noun,N/A,original
vocabulary,fetch,"_to_, an-ákhw",noun,N/A,original
vocabulary,fierce animal,Q'etoseLnexw,noun,N/A,original
vocabulary,file,"_a_, clük-hün;",noun,N/A,original
vocabulary,finches ( generic ),tch-kwa′kwa;,noun,N/A,original
vocabulary,find,"_to_, kwün′nüng",noun,N/A,original
vocabulary,finger rings,hi-a′lüm-chis,noun,N/A,original
vocabulary,fingers,chi-hals′,noun,N/A,original
vocabulary,fins,ká-ting-üs,noun,N/A,original
vocabulary,fir bark,t'chül-le,noun,N/A,original
vocabulary,fir cones,ta-má-ku-küns,noun,N/A,original
vocabulary,fir tree,"chül-li-íltsh, chül-chils′;",noun,N/A,original
vocabulary,fire,chük-hós;,noun,N/A,original
vocabulary,first,il-chä-la,noun,N/A,original
vocabulary,fish,ETC.:,noun,N/A,original
vocabulary,fish crow,sku-kwa′ta,noun,N/A,original
vocabulary,fish weir,"_large_, s'chi-yäk;",noun,N/A,original
vocabulary,five,"kl-kats, kl-kätch-sä-la, kütch-sält-hu",noun,N/A,original
vocabulary,flea,tát-a-tlüm,noun,N/A,original
vocabulary,flesh,"_meat_, slé-ükw",noun,N/A,original
vocabulary,flicker ( p. mexic. ) tse′a,k't;,noun,N/A,original
vocabulary,flood tide,küm′mül,noun,N/A,original
vocabulary,flounder,o′we,noun,N/A,original
vocabulary,fly,"_a_, i-kwül′lüng, kwil-lüng",noun,N/A,original
vocabulary,fog,spi-á-hwün,noun,N/A,original
vocabulary,food,"set-lün, sä-wün",noun,N/A,original
vocabulary,foolish,as-hwäkw,noun,N/A,original
vocabulary,foot,s'hün′na,noun,N/A,original
vocabulary,foot-print,hün-nüug′en,noun,N/A,original
vocabulary,for the brook trout ,hu-má-na.),noun,N/A,original
vocabulary,fore quarter,tä-los,noun,N/A,original
vocabulary,forehead,skwang′us,noun,N/A,original
vocabulary,fork,motsiseng,noun,N/A,original
vocabulary,formerly,kwüt-li sil-la,noun,N/A,original
vocabulary,four,"ng′oss, ni-s_á_-la, sält-hu",noun,N/A,original
vocabulary,friend,klé-nük-wil;,noun,N/A,original
vocabulary,frog,Wexes,noun,N/A,original
vocabulary,from,Che,noun,N/A,original
vocabulary,fruit of do.,ka-ákhw,noun,N/A,original
vocabulary,full,hēts,noun,N/A,original
vocabulary,fundament,kla-wákh,noun,N/A,original
vocabulary,gadwal ( chaulelasmus ),shes′-sün-na,noun,N/A,original
vocabulary,gall,müs-suns,noun,N/A,original
vocabulary,game ( beaver teeth dice ),smi′-la-li,noun,N/A,original
vocabulary,get,"_to_, kwün′nüt;",noun,N/A,original
vocabulary,get to work,Schay' ches,noun,N/A,original
vocabulary,girl,"st-hlá-ni, sln-chá-atl",noun,N/A,original
vocabulary,give,"_to_, (_to give as a present_), üng-us;",noun,N/A,original
vocabulary,gizzard,s'he′a-kwüns,noun,N/A,original
vocabulary,gloves,"ts'-kwá-lit-cha, no-sé-sin",noun,N/A,original
vocabulary,gnat,chetsks,noun,N/A,original
vocabulary,go,"_to_, h'ya;",verb,N/A,original
vocabulary,golden eagle,cheskwin,noun,N/A,original
vocabulary,golden eye ( clangula ),hül-hül-lül′o-witl,noun,N/A,original
vocabulary,good,aikh,noun,N/A,original
vocabulary,goodbye (leaving),Hoy'kwche,noun,N/A,original
vocabulary,goodbye (staying),Hoy'ekw,noun,N/A,original
vocabulary,goose,exe,noun,N/A,original
vocabulary,gooseberry,küm-kwéltsh,noun,N/A,original
vocabulary,gooseberry point,Tamxwiqsen,noun,N/A,original
vocabulary,grandfather,cha-mok,noun,N/A,original
vocabulary,grandmother,sé-la,noun,N/A,original
vocabulary,grandparent,Sile,noun,N/A,original
vocabulary,grass,s'hüs-sái,noun,N/A,original
vocabulary,grave,"_serious_, ōkw-hüm′",noun,N/A,original
vocabulary,great,"hai-yikh′, ke-yikh′",noun,N/A,original
vocabulary,great grandparent,Chomekw,noun,N/A,original
vocabulary,grebes ( podiceps ),"skūl-küls′, hwa′nitsh, hwüt-tis",noun,N/A,original
vocabulary,green,"ni-tlüt′h, nük-wai",noun,N/A,original
vocabulary,grey haired,süts-üm-mékhw,noun,N/A,original
vocabulary,gristle of vertebræ,kwa-á-lüs,noun,N/A,original
vocabulary,grizzly,kwái-et-chin,noun,N/A,original
vocabulary,grizzly bear,Kwey'etchen,noun,N/A,original
vocabulary,ground robin,tül-tülk-si-nün;,noun,N/A,original
vocabulary,grunter,Sqwa',noun,N/A,original
vocabulary,guillemot ( uria ),"sko-kwa-kwüts, ko-kōkh-küts",noun,N/A,original
vocabulary,gulls,"large kinds, kwün-né;",noun,N/A,original
vocabulary,gum,"_resin_, _light wood_, smá-nitsh",noun,N/A,original
vocabulary,gun,"_north west musket_, pú-yük (pu, _the sound of a gun_);",noun,N/A,original
vocabulary,gunpowder,kwälkh;,noun,N/A,original
vocabulary,ha-áls,"_the principal super natural being, equivalent to_ Hun-né _of",noun,N/A,original
vocabulary,hail,klüm-whái-la,noun,N/A,original
vocabulary,hair,si-at′tün,noun,N/A,original
vocabulary,half,kl-chükh′,noun,N/A,original
vocabulary,halibut,So'tx,noun,N/A,original
vocabulary,hammer,"_to_, h'kwüs′chis;",noun,N/A,original
vocabulary,hand,sa′lüs,noun,N/A,original
vocabulary,handle,kült-shé-nün,noun,N/A,original
vocabulary,hare,ské-ka-was,noun,N/A,original
vocabulary,hawk,pa'als,noun,N/A,original
vocabulary,hawks,"pa-áls, tsekhw-tsükhw, tül-kwe′mitl, tsi-ha-litsh;",noun,N/A,original
vocabulary,he,"nekhl, nitlkh",noun,N/A,original
vocabulary,he ( that one ),"nel, nitlh",noun,N/A,original
vocabulary,head,"s-kwáng-i, skwâng-i",noun,N/A,original
vocabulary,hear,"_to_, chis′a-lan",noun,N/A,original
vocabulary,heart,"st-sá-la, tsá-la",noun,N/A,original
vocabulary,heavy,hüm,noun,N/A,original
vocabulary,hello,Now',noun,N/A,original
vocabulary,hemlock spruce ( abies ---- ---- ),s'ke-éltch,noun,N/A,original
vocabulary,here,ti-á-kwu,noun,N/A,original
vocabulary,herring,slang-üt,verb/gerund,N/A,original
vocabulary,herring roe,ché-mäsh,noun,N/A,original
vocabulary,high,ses'l,noun,N/A,original
vocabulary,high tide,küm-küm′mül,noun,N/A,original
vocabulary,his gun,tsä-ka po-yük,noun,N/A,original
vocabulary,hone,"_or whetstone_, shu-táks",noun,N/A,original
vocabulary,honeysuckle,"kat-kat-éltsh, saltsh; (_the leaves are chewed as a",noun,N/A,original
vocabulary,hoofs,kwâ-nüngs,noun,N/A,original
vocabulary,horns,tses′tün,noun,N/A,original
vocabulary,horse,stük-ké-u,noun,N/A,original
vocabulary,horse clam,Swam,noun,N/A,original
vocabulary,house,á-lüng;,noun,N/A,original
vocabulary,how,_how shall I do it?_ swün-né-üng-set ti-á?,noun,N/A,original
vocabulary,hu-má-ni,_salmon fry._ (_This last word suggests the Spokane word,noun,N/A,original
vocabulary,huckleberry,Spixw',noun,N/A,original
vocabulary,humming bird,sxwexwetcheli,noun,N/A,original
vocabulary,hunchbacked,sko-mé-sin,noun,N/A,original
vocabulary,hundred,"nat′so-itch, nat′so-wütsh",noun,N/A,original
vocabulary,hungry,kwá-kwi,noun,N/A,original
vocabulary,hunter,tsüm-á-mün-sa;,noun,N/A,original
vocabulary,hunting bag,shit-t_á_-la,noun,N/A,original
vocabulary,husband,n'stá-lush,noun,N/A,original
vocabulary,husband's other wives,sái-ya,noun,N/A,original
vocabulary,hün-nün,_the hump-backed salmon_ (_S. Proteus_);,noun,N/A,original
vocabulary,i,us,noun,N/A,original
vocabulary,i am from lummi,Che xwlemi sen,noun,N/A,original
vocabulary,i'm good,Ey' sen,noun,N/A,original
vocabulary,ice,"s'lel-lokh, sé-ma",noun,N/A,original
vocabulary,iká,ni _of the Chinooks_,noun,N/A,original
vocabulary,in,"_into_, nu-äs;",noun,N/A,original
vocabulary,indians,"_people_, atl-tá-ling-hu",noun,N/A,original
vocabulary,infant,"s'chi-chái-an, kük-ké, n's-chái-in",noun,N/A,original
vocabulary,inner bark of do.,skwekhw,noun,N/A,original
vocabulary,iron,küm-tüm′,noun,N/A,original
vocabulary,island,"kl-chas, s'kwüs-sá, sk'-sas",noun,N/A,original
vocabulary,jealous,sā-si-si,noun,N/A,original
vocabulary,jump,Xwiteng,noun,N/A,original
vocabulary,kamass rat ( neotoma ),ná-wit,noun,N/A,original
vocabulary,kelp ( fucus gigantia ),kwá-ang,noun,N/A,original
vocabulary,kettle,"_iron_, sklá-lup;",noun,N/A,original
vocabulary,kick,"_to_, lüm-mat′",noun,N/A,original
vocabulary,kidneys,sün-süns,noun,N/A,original
vocabulary,kill,"_to_, k'châ-tükh, ku-chel′la",noun,N/A,original
vocabulary,king fisher,s'shile,noun,N/A,original
vocabulary,king salmon / chinook,Yomech,noun,N/A,original
vocabulary,kingfisher,süs-she′la,noun,N/A,original
vocabulary,kiss,"_to_, nükh-wh'm-kwóst",noun,N/A,original
vocabulary,knife,shpál-tin;,noun,N/A,original
vocabulary,know,"_to_, Do you know Ské-ükl? (_a man of that name?_) hüt-ché-tüs-hu",noun,N/A,original
vocabulary,kwal-hu,"_S. canis_, SUCKLEY (_this name, it will be noticed, is",noun,N/A,original
vocabulary,kwül-yauk,_salmon when exhausted by spawning_;,noun,N/A,original
vocabulary,ké-ükh,_S. truncatus_?,noun,N/A,original
vocabulary,kütch′küs  salmo scoulerí ,RICHARDSON;,noun,N/A,original
vocabulary,lake,s'weltsh,noun,N/A,original
vocabulary,lance,st-kwái-itch,noun,N/A,original
vocabulary,land otter,s'katl,noun,N/A,original
vocabulary,land snail ( helix ),wük-kük'h,noun,N/A,original
vocabulary,large,mokw,noun,N/A,original
vocabulary,large clam ( lutraria ),swäm,noun,N/A,original
vocabulary,large cottus,skün-nákhw,noun,N/A,original
vocabulary,laugh,"_I_, nün-nái-yüng-sen",noun,N/A,original
vocabulary,lazy,"sä′hüng, sakhw;",noun,N/A,original
vocabulary,leaf,s'chá-sün,noun,N/A,original
vocabulary,leap,"_to_, hwé-tüng",noun,N/A,original
vocabulary,leaves,sats-tlá,noun,N/A,original
vocabulary,leg,"slá-hütsh, ská-kün;",noun,N/A,original
vocabulary,lend,"_to_, ä-yil",noun,N/A,original
vocabulary,liar,kai-yá-kan,noun,N/A,original
vocabulary,lichens,küt-che,noun,N/A,original
vocabulary,lie,"_I_, hukh-kái-ya-kün",noun,N/A,original
vocabulary,light,"_adj._, stá-tu",noun,N/A,original
vocabulary,light blue,Ney'eq,noun,N/A,original
vocabulary,lightning,"cha-á-kwa-chük, cha-küts-o-kikh",verb/gerund,N/A,original
vocabulary,lights,spül′hu,noun,N/A,original
vocabulary,like,shün-ángs,noun,N/A,original
vocabulary,line up,tenest,noun,N/A,original
vocabulary,ling cod,Y'yet,noun,N/A,original
vocabulary,liquorice fern ( an expectorant ),klüs-síp,noun,N/A,original
vocabulary,listen,"_imp._, ni-hwú-i-yan",noun,N/A,original
vocabulary,live at,"_to_, läksi; (_this word appears to be the equivalent of the",noun,N/A,original
vocabulary,liver,t'ä-kas,noun,N/A,original
vocabulary,liverworts,mükh′tül-lüs;,noun,N/A,original
vocabulary,long,"_in dimension_, klä-kut",noun,N/A,original
vocabulary,look out! kwá,la,noun,N/A,original
vocabulary,looking glass,"skwo-ná-süng, sku-ko-ná-süng, hu-ku-ná-sing;",noun,N/A,original
vocabulary,loon,swakwen,noun,N/A,original
vocabulary,loons ( colymbus ),"swa′kwün, hwekhw-kwüs",noun,N/A,original
vocabulary,lose,"_to_, ek-kwa",noun,N/A,original
vocabulary,louse,nüs′sün,noun,N/A,original
vocabulary,love,"_to_, nūs-tlé, nis-klé",noun,N/A,original
vocabulary,low tide,sham′shüm,noun,N/A,original
vocabulary,lower joint of do.,s'hün-nüs,noun,N/A,original
vocabulary,lummi,Xwlemi,noun,N/A,original
vocabulary,lummi bay,MomLi,noun,N/A,original
vocabulary,lummi island,Smemiekw,noun,N/A,original
vocabulary,lynx,sküts-a′müs,noun,N/A,original
vocabulary,magic,"_conjuring_, ch'si-ó-wün;",noun,N/A,original
vocabulary,magpie,s'hün′nün,noun,N/A,original
vocabulary,make,"_to_, chai;",verb,N/A,original
vocabulary,make a fire,Chekwiws,verb,N/A,original
vocabulary,mallard ( a. boschas ),ti-nük-sen,noun,N/A,original
vocabulary,mallard duck,teneksen,noun,N/A,original
vocabulary,mammals,_parts of_:,noun,N/A,original
vocabulary,man,swé-yi-ka,noun,N/A,original
vocabulary,many,"n'gann, n'gün;",noun,N/A,original
vocabulary,maple ( a. macrophylla ),küm′ an-ilp,noun,N/A,original
vocabulary,marrow of legs,tüts-üsh′shins,noun,N/A,original
vocabulary,mat,slä′wün;,noun,N/A,original
vocabulary,me,I,noun,N/A,original
vocabulary,meat,slé-ük,noun,N/A,original
vocabulary,mend,"_to_, chüts-ül-kwüt′tün",noun,N/A,original
vocabulary,merganser ( mergus am. ),kwa-ōkw;,noun,N/A,original
vocabulary,( mergus serrator ),sküm-mätsh,noun,N/A,original
vocabulary,merry,nüks-né-ni,noun,N/A,original
vocabulary,middle ( of length ),á-no-wüls,noun,N/A,original
vocabulary,mink,"kai-yakh, s'ché-a-kün",noun,N/A,original
vocabulary,mist light rain,LheLhemexw,noun,N/A,original
vocabulary,mistake,"_to_, _either in speech or on the road_, mäl-min",noun,N/A,original
vocabulary,mole,spi-lá-wün,noun,N/A,original
vocabulary,molluscs,"RADIATES, ETC.:",noun,N/A,original
vocabulary,mom,Tan,noun,N/A,original
vocabulary,moon,kl-káltsh,noun,N/A,original
vocabulary,morning,skwá-chi,verb/gerund,N/A,original
vocabulary,mosquito,kwá-an,noun,N/A,original
vocabulary,mother,tān,noun,N/A,original
vocabulary,mother-in-law,_idem_,noun,N/A,original
vocabulary,mountain ( same as rock ),sng-ánt,noun,N/A,original
vocabulary,mountain blueberries,WhomeLes,noun,N/A,original
vocabulary,mountain goat ( aploceras ),"swét-le, pi-külkh-kan",noun,N/A,original
vocabulary,mouse,kwa′tün,noun,N/A,original
vocabulary,mouth,sá-sün,noun,N/A,original
vocabulary,move farther,yi-hé-wül tül-lá;,noun,N/A,original
vocabulary,mt. baker,KweLshan,noun,N/A,original
vocabulary,much,n'gun;,noun,N/A,original
vocabulary,mussel,Lhaoqem,noun,N/A,original
vocabulary,mussel ( mytilus ),klâ-küm,noun,N/A,original
vocabulary,my,ti-us;,noun,N/A,original
vocabulary,my canoe,nus-kwá n'shwâ-atl,noun,N/A,original
vocabulary,my house is also there at lummi,Tl'al sen tse ne a'leng la' etse Xwlemi,noun,N/A,original
vocabulary,n. w. and north,s'chá-yüm,noun,N/A,original
vocabulary,nails,"t'sâls, chi-sá-lis",noun,N/A,original
vocabulary,naked,klüt-säng,noun,N/A,original
vocabulary,name,s'nä;,noun,N/A,original
vocabulary,name of a tribe on fraser river,generally known as Maskwies_);,noun,N/A,original
vocabulary,navel,mük′h-hwoi-ye,noun,N/A,original
vocabulary,near,"kl-ké-a-ke, tüt-lé-kai, sti-talst′",noun,N/A,original
vocabulary,neck,tatsh-süns,noun,N/A,original
vocabulary,needle,chät′sün,noun,N/A,original
vocabulary,net,"_for catching ducks, etc._, tük′hüm;",noun,N/A,original
vocabulary,new,háu-wüs,noun,N/A,original
vocabulary,night,snat,noun,N/A,original
vocabulary,nine,"tük'hw, tük-whä-la, tük-whalt-hu",noun,N/A,original
vocabulary,nisqually  at-suts,"_and to be really an adverb signifying ""presence""",noun,N/A,original
vocabulary,no,"a-wá, a-wükh′, ókh-wa",noun,N/A,original
vocabulary,none,"_there is none_, a-wün′na;",noun,N/A,original
vocabulary,nooksack,Nexw Ts'aq,noun,N/A,original
vocabulary,north wind,Schoy'em,noun,N/A,original
vocabulary,nose,nük′sün,noun,N/A,original
vocabulary,nostrils,skwá-lük-sen,noun,N/A,original
vocabulary,now,"ti-a, ti-an′k'h",noun,N/A,original
vocabulary,oak,s'chüng-altsh,noun,N/A,original
vocabulary,octopus,Skamoux,noun,N/A,original
vocabulary,off shore,tâl,noun,N/A,original
vocabulary,old,"tsa-küng, snük-kái;",noun,N/A,original
vocabulary,one,"nüt-sa, nat′sa, tsak′wüt-hu",noun,N/A,original
vocabulary,or by incantation,similar to the Chinook tamánowas_,noun,N/A,original
vocabulary,orange,KwiemeL,noun,N/A,original
vocabulary,oregon grape,Seni,noun,N/A,original
vocabulary,os calcis,kát-lin-süns,noun,N/A,original
vocabulary,oulakan ( thaleïchthys ),ti-a-ko-wa,noun,N/A,original
vocabulary,our country,tsá-kwün tüng′-hu,noun,N/A,original
vocabulary,out doors,"sét-lüng (a′lüng, _a house_)",noun,N/A,original
vocabulary,owl,chietnexw,noun,N/A,original
vocabulary,owls,"great horned owl, che′-tüng-hu;",noun,N/A,original
vocabulary,oyster,klokh-klokh,noun,N/A,original
vocabulary,oyster catcher ( hematopus ),swó-kük,noun,N/A,original
vocabulary,paddle,"_to_, ist",noun,N/A,original
vocabulary,pale do.,ni-hwekw,noun,N/A,original
vocabulary,pan,"_or plate_, lä-sün",noun,N/A,original
vocabulary,pantaloons,sük-ké-us,noun,N/A,original
vocabulary,pants,Seqiws,noun,N/A,original
vocabulary,paunch,spukh,noun,N/A,original
vocabulary,pencil fish,"_a small fish that comes in schools_, katl",noun,N/A,original
vocabulary,penis,shel-l_á_,noun,N/A,original
vocabulary,people,"_i.e._ _Indians_, atl-tá-ling-hu;",noun,N/A,original
vocabulary,perhaps,yükh-whá,noun,N/A,original
vocabulary,pigeon,"h'mo, hüm-o'h",noun,N/A,original
vocabulary,pin,"_a_, hüm-mén;",noun,N/A,original
vocabulary,pink,Nesq' oLes,noun,N/A,original
vocabulary,pink salmon / humpy,Henen,noun,N/A,original
vocabulary,pipe,päkw,noun,N/A,original
vocabulary,pitch or rosin,smá-nitsh,noun,N/A,original
vocabulary,plane,"_to_ (_boards_), shé-shüb; (_probably by onomatopœia_)",noun,N/A,original
vocabulary,plant,"_to_, chin-eng-ütl",noun,N/A,original
vocabulary,plants,ETC.: (_See also Trees._),noun,N/A,original
vocabulary,please pass me the,leschenenges tse,noun,N/A,original
vocabulary,plenty,n'gün,noun,N/A,original
vocabulary,plover,chit-hün-natsh′,noun,N/A,original
vocabulary,point  of anything ,i-sük′sin,noun,N/A,original
vocabulary,poor,"_wretched_, sül-lá-wa",noun,N/A,original
vocabulary,porcupine,Tse'TseLq'en,noun,N/A,original
vocabulary,porcupine quills,tsüts-ül-kan,noun,N/A,original
vocabulary,porpoise,kwá-nat,noun,N/A,original
vocabulary,portage,SiLes,noun,N/A,original
vocabulary,possum,Sq'eLhten,noun,N/A,original
vocabulary,posts  for supporting the roof of a house ,kä-kan,noun,N/A,original
vocabulary,pound,"_to_ (_as seeds, grain_), kli-a-kwéng-ütl",noun,N/A,original
vocabulary,prairie,spelkh′han,noun,N/A,original
vocabulary,pregnant,skä-kwi,noun,N/A,original
vocabulary,presently,hwa-sing-ang′a;,noun,N/A,original
vocabulary,prickly pear ( cactus ),tsä-ta,noun,N/A,original
vocabulary,pull the hair,"_to_, heng-ükw-tün",noun,N/A,original
vocabulary,put down,"_to_, sä-kws",noun,N/A,original
vocabulary,put into,"_to_, _imp._, nu-ás ats-ches-sük",noun,N/A,original
vocabulary,put on,"_to_, _pantaloons_, hük-éw-sing;",noun,N/A,original
vocabulary,quahog ( saxidomus ),sákh-hwa;,noun,N/A,original
vocabulary,quills,stli-käl,noun,N/A,original
vocabulary,rabbit,Hepit,noun,N/A,original
vocabulary,raccoon,Sxy'ekwes,noun,N/A,original
vocabulary,racoon,blōps,noun,N/A,original
vocabulary,rain,slüm′mōkh,noun,N/A,original
vocabulary,rainbow,Xweteshen,noun,N/A,original
vocabulary,raining,Lhemxw,verb/gerund,N/A,original
vocabulary,raise up,"_to_, sä-at",noun,N/A,original
vocabulary,rake,"_for taking herring and other small fish_, tlet′ha-men",noun,N/A,original
vocabulary,rapid,"_in a river_, kwet′chüm",noun,N/A,original
vocabulary,rat,Kwaten,noun,N/A,original
vocabulary,rat fish,Sqemene,noun,N/A,original
vocabulary,raven,sku-takh,noun,N/A,original
vocabulary,raw,hets,noun,N/A,original
vocabulary,red,"n'sük'h, n'sükw",noun,N/A,original
vocabulary,red cedar ( juniperus ),pits-in-ái-ilp,noun,N/A,original
vocabulary,red pine ( p. ponderosa ),kwa-kwa-yé-la-hilp,noun,N/A,original
vocabulary,red raspberry,tük′wüm,noun,N/A,original
vocabulary,restroom,emetexw,noun,N/A,original
vocabulary,ribs,lük-h'ws,noun,N/A,original
vocabulary,river,stá-lo;,noun,N/A,original
vocabulary,road,satl,noun,N/A,original
vocabulary,roast,"_to_, _in ashes_, tül-lák;",noun,N/A,original
vocabulary,robin,kweskek,noun,N/A,original
vocabulary,robins ( t. naevius ),kwüs-kük'h;,noun,N/A,original
vocabulary,( t. migrat. ),tsel-tcha,noun,N/A,original
vocabulary,rock,sng-ánt,noun,N/A,original
vocabulary,roe,he-a-hetl;,noun,N/A,original
vocabulary,root of do.,ko-ma-lokh,noun,N/A,original
vocabulary,roots,ko′mel-lokh,noun,N/A,original
vocabulary,roots of do. ( eaten ),skwi′yu,noun,N/A,original
vocabulary,rope,hwé-lüm,noun,N/A,original
vocabulary,rose bush,kül-kél,noun,N/A,original
vocabulary,rotten wood,pi-kwái,noun,N/A,original
vocabulary,ruffed grouse,"skwüts, skwüts′ha",noun,N/A,original
vocabulary,run,"_to_, kwâ-nüng-üt, kwá-nüng-it",verb,N/A,original
vocabulary,s'hui-áb,"_or_ S'hui-ám, _the pre-human demon race_",noun,N/A,original
vocabulary,s'it,lün^2;,noun,N/A,original
vocabulary,s. s. e.,skang-üt,noun,N/A,original
vocabulary,s. w.,s'chis,noun,N/A,original
vocabulary,sad,"hätl-tin, hütch-ing′én",noun,N/A,original
vocabulary,saddle or hind quarters,"as-satch-chatsh (chus-sa, _two_)",noun,N/A,original
vocabulary,sail,"_make sail_, _imp._, chai-a-kwün pa-kwün;",noun,N/A,original
vocabulary,salal berry,Taqe',noun,N/A,original
vocabulary,salamander,pét-h'yil,noun,N/A,original
vocabulary,salmon,"_generic_, s'chän-hu.--",noun,N/A,original
vocabulary,salmon berry,al-é-la,noun,N/A,original
vocabulary,salt,klat′lün,noun,N/A,original
vocabulary,salt water,TL'aLh,noun,N/A,original
vocabulary,sand beach,"s'het (_Lummi_), si-et′süm (_Kwantlen_)",noun,N/A,original
vocabulary,sand spit,na-wa-létsh,noun,N/A,original
vocabulary,sand-hill crane,slem,noun,N/A,original
vocabulary,sandy point,Sly'eksen,noun,N/A,original
vocabulary,scales,slés,noun,N/A,original
vocabulary,scoop,"_for bailing a canoe_, tsang′tün",noun,N/A,original
vocabulary,scrape,"_to_, ekht",noun,N/A,original
vocabulary,scratch,"_a_, si-héks",noun,N/A,original
vocabulary,sea,"klals, kt'hlals",noun,N/A,original
vocabulary,sea cucumber,Tsikwt,noun,N/A,original
vocabulary,sea ducks ( generic ),kwal′-hu,noun,N/A,original
vocabulary,sea egg ( echinus ),skwét-si,noun,N/A,original
vocabulary,sea lion,Eshes,noun,N/A,original
vocabulary,sea otter,tüm′müs,noun,N/A,original
vocabulary,sea slug ( holothuria ),sekt,noun,N/A,original
vocabulary,sea weeds,chil-lüm,noun,N/A,original
vocabulary,seagull,kweni',noun,N/A,original
vocabulary,seal,_á_ss′hu,noun,N/A,original
vocabulary,see,"_to_, lang-üt, lang-it",verb,N/A,original
vocabulary,see you later,Langnexw sen -se,verb,N/A,original
vocabulary,sehome,Sy'hom,noun,N/A,original
vocabulary,sell,"_to_, hwi-mä′la",noun,N/A,original
vocabulary,seven,"tsâkws, tsük-sä-la, sük-sält-hu",noun,N/A,original
vocabulary,sew,"_to_, chets",noun,N/A,original
vocabulary,shadow,Q'eq'etLe,noun,N/A,original
vocabulary,shake hands,"_to_, kwün-sest′",noun,N/A,original
vocabulary,shallow,shái-shüm,noun,N/A,original
vocabulary,sharp,ái-yas,noun,N/A,original
vocabulary,sharpen,"_to_, _to whet on a stone_, t'kas",noun,N/A,original
vocabulary,shawl,süt-sá-müsh,noun,N/A,original
vocabulary,shells,ká-ya-men,noun,N/A,original
vocabulary,shi-nám,_magic or medicine_,noun,N/A,original
vocabulary,shirt,küts-á-lis;,noun,N/A,original
vocabulary,shoes,"_moccasins_, s'klük′a-shin",noun,N/A,original
vocabulary,shoot,"_to_, _with a bow_, ts-män",noun,N/A,original
vocabulary,shot,hüs-üm-ákw,noun,N/A,original
vocabulary,shoveller ( spatula ),klel-lük-tük-sen,noun,N/A,original
vocabulary,shrimp,TLemwechen,noun,N/A,original
vocabulary,sick,s'hatl,noun,N/A,original
vocabulary,silver salmon / coho,Q'echqs,noun,N/A,original
vocabulary,sinews of back,tüng-é-sens,noun,N/A,original
vocabulary,sinews of legs,kli-é-mins,noun,N/A,original
vocabulary,sing,"_to_, t'e-lüm, te′lim",verb/gerund,N/A,original
vocabulary,sister,"_elder_, á-lish;",noun,N/A,original
vocabulary,sister's husband,_idem_,noun,N/A,original
vocabulary,sister-in-law,s'ng-at′hwun,noun,N/A,original
vocabulary,sit,"_to_, üm-müt, üm-mit, tsüm-má-no",noun,N/A,original
vocabulary,sit still,enixw,noun,N/A,original
vocabulary,six,"t'hünkh, tükh-hüng-ä-la, tükh-hüng-ält-hu",noun,N/A,original
vocabulary,skate,kákh-kōkh,noun,N/A,original
vocabulary,skate fish,Q'aqo,noun,N/A,original
vocabulary,skin,"_dressed_, hül-kün;",noun,N/A,original
vocabulary,skunk,süp-pük,noun,N/A,original
vocabulary,sky,"sé-ishl, skwái-yil",noun,N/A,original
vocabulary,ské,ükl?,noun,N/A,original
vocabulary,slang′üt; (lä,"tsi _seems to be ""at"" or ""into;"" vide ""at"" and",noun,N/A,original
vocabulary,sleep,"_to_, ét-t-t, é-tüt-tüt, i-tit",noun,N/A,original
vocabulary,sleepy,a-tá-tüng,noun,N/A,original
vocabulary,slowly,o-s'n-ang'h,noun,N/A,original
vocabulary,slug ( limax ),kai-yat′lin,noun,N/A,original
vocabulary,small,mi-mé-min,noun,N/A,original
vocabulary,small bird,tetem,noun,N/A,original
vocabulary,small brake,tsük′kwa,noun,N/A,original
vocabulary,small kinds,skókh-kwa,noun,N/A,original
vocabulary,small owl,kwai-el-hu,noun,N/A,original
vocabulary,small round clam ( venus ),sküt-hlai;,noun,N/A,original
vocabulary,small sea urchin,Sqw'itsi,noun,N/A,original
vocabulary,small woodpeckers,tsüt-tüng,noun,N/A,original
vocabulary,smell,"_a_, häkw",noun,N/A,original
vocabulary,smelt /hooligan,Q'eLhs,noun,N/A,original
vocabulary,smoke,"_to_, _a pipe_, smä-nis-tin (smá-nüsh, _tobacco_);",noun,N/A,original
vocabulary,snake,s'alkh′ka,noun,N/A,original
vocabulary,sneeze,"_to_, hä-sing",noun,N/A,original
vocabulary,snipe,skekae,noun,N/A,original
vocabulary,snore,"_to_, hwá-na-küng",noun,N/A,original
vocabulary,snow,ná-ka,noun,N/A,original
vocabulary,snow berry,Pepiyes,noun,N/A,original
vocabulary,snow finch,tchi-sa-wütsh,noun,N/A,original
vocabulary,snow goose,"kla-wükh-han, kla-hwa′han",noun,N/A,original
vocabulary,snow on the ground,Ngake,noun,N/A,original
vocabulary,snowberry bush,pat-saltsh,noun,N/A,original
vocabulary,snowing,Chiekw,verb/gerund,N/A,original
vocabulary,soap berry,Sxwaasem,noun,N/A,original
vocabulary,sockeye,Seki,noun,N/A,original
vocabulary,son,ng-üu′na,noun,N/A,original
vocabulary,son or daughter,ng'ün′na,noun,N/A,original
vocabulary,soul,"_the_, sül-lé",noun,N/A,original
vocabulary,sour,sá-han,noun,N/A,original
vocabulary,south wind,Sqa'anget,noun,N/A,original
vocabulary,sow,"_to_, _grain_, _&c._, chái-its (chai, _to work_)",noun,N/A,original
vocabulary,spanish moss,stül-hái-is,noun,N/A,original
vocabulary,sparrow hawk,süs-so-wak-chil-la,noun,N/A,original
vocabulary,speak,"_to_, kwal",noun,N/A,original
vocabulary,spear,"_to_, _water fowl_, t'kwa′-nüm;",noun,N/A,original
vocabulary,spider crab,ku-kwátl-shin,noun,N/A,original
vocabulary,spirit duck ( albeola ),"hekh-kün-né, k'k-hün′na",noun,N/A,original
vocabulary,spiræa,kads-sulch,noun,N/A,original
vocabulary,split wood,"_to_, sküt",noun,N/A,original
vocabulary,spoon,lhopen,noun,N/A,original
vocabulary,spring,"tchin-kwé-lis, tchin-kwai-lus",verb/gerund,N/A,original
vocabulary,spruce fir ( abies menzesii ),chi-kwüt′lp,noun,N/A,original
vocabulary,squalicum,Qwolouxqem,noun,N/A,original
vocabulary,squirrel,Ts'epsiosen,noun,N/A,original
vocabulary,squirrel ( sciurus ),tsip-si-á-sün,noun,N/A,original
vocabulary,stab,"_to_, met-át-üng-kwa;",noun,N/A,original
vocabulary,stand,"_to_, sít-lün",noun,N/A,original
vocabulary,star,"kó-s'n, kâ-s'n",noun,N/A,original
vocabulary,star fish,"kwül-lá-chi, kül-lä-sis",noun,N/A,original
vocabulary,starfish,T'omeLtL'e,noun,N/A,original
vocabulary,stay,"_I will stay_, a-wüs-sin",noun,N/A,original
vocabulary,steal,"_I stole_, as-kwa-kan′;",noun,N/A,original
vocabulary,steamer clam,SkweLhey',noun,N/A,original
vocabulary,steelhead,Q'ixw,noun,N/A,original
vocabulary,steer,"_to_, chün-nä-set; chük-ke-nüng",noun,N/A,original
vocabulary,steersman,"_of canoe_, as-kwá-at",noun,N/A,original
vocabulary,step father,n's-gnä-ün,noun,N/A,original
vocabulary,step mother,_idem_,noun,N/A,original
vocabulary,stockade,"_fence_, kül-lükh′han",noun,N/A,original
vocabulary,stommish grounds,Wexlium,noun,N/A,original
vocabulary,stone,chet-hlákh;,noun,N/A,original
vocabulary,stone crab,ku-kwin-nó-wa,noun,N/A,original
vocabulary,stop,"_I will stop here_, o-at′la-sün (_perhaps ""I have arrived""_);",noun,N/A,original
vocabulary,stormy,HoteLh,noun,N/A,original
vocabulary,story,Sxwiam,noun,N/A,original
vocabulary,strawberries,TiLeqw,noun,N/A,original
vocabulary,strike,"_to_, _with the fist_, nüt-sás-tüng",noun,N/A,original
vocabulary,striped,as-hé-ütsh,noun,N/A,original
vocabulary,striped squirrel ( tamias ),hwé-pe-chin,noun,N/A,original
vocabulary,strong,"kâm-küm, kwüm-kwüm",noun,N/A,original
vocabulary,sturgeon,skwá-wütsh,noun,N/A,original
vocabulary,su-kwái,"_brook trout_ (_S. stellatus_, GRD.);",noun,N/A,original
vocabulary,summer,"kwá-lus (kwá-lis, _warm_) tchin-é-yi",noun,N/A,original
vocabulary,sun,sku-kül′,noun,N/A,original
vocabulary,sunshine,Esiteng,noun,N/A,original
vocabulary,swallow,kwesechen,noun,N/A,original
vocabulary,swan,ho′ha-han,noun,N/A,original
vocabulary,sweet,"sak-küng (aikh, _good_)",noun,N/A,original
vocabulary,swift ( cypselus ),kuk-sátch,noun,N/A,original
vocabulary,swim,"_to_, tüng-a-áng",noun,N/A,original
vocabulary,sük,ké (_not ascertained_);,noun,N/A,original
vocabulary,table,sxwilhen,noun,N/A,original
vocabulary,tail,klap-ái-sin-itsh,noun,N/A,original
vocabulary,take,"_to_, kwün′nut (_same as to get_)",noun,N/A,original
vocabulary,take off,"_to_, kl_á_-lis, klüt-sang′",noun,N/A,original
vocabulary,tale,"_story_, skwül′kwül",noun,N/A,original
vocabulary,tall,kl'k-tákhl,noun,N/A,original
vocabulary,teal ( nettion ),"hüs-natch, chil-si′set",noun,N/A,original
vocabulary,teeth,chin′nis,noun,N/A,original
vocabulary,ten,"o′pün, o-pün-ä-la, o-pün-ält-hu",noun,N/A,original
vocabulary,tern,xwitxw,noun,N/A,original
vocabulary,territory,Schetenexwen,noun,N/A,original
vocabulary,testicles,má-tchin,noun,N/A,original
vocabulary,thank you,hekh,noun,N/A,original
vocabulary,that,"tül-lá, ta-lé;",noun,N/A,original
vocabulary,the,Tse,noun,N/A,original
vocabulary,the cat is walking,Sheteng tse Pish,verb/gerund,N/A,original
vocabulary,the dog is running,Kwoninget tse Skwemey',verb/gerund,N/A,original
vocabulary,the nisquallies ,"No-kw-makhl _of the Clallams and Skagits, and_",noun,N/A,original
vocabulary,their father,k'sän män,noun,N/A,original
vocabulary,there,ta-lá;,noun,N/A,original
vocabulary,there at lummi,La' etse Xwlemi,noun,N/A,original
vocabulary,they,"nan-étl-ya, kw'si′a-hál-tün",noun,N/A,original
vocabulary,they're thinking,Kwenekwan-s,verb/gerund,N/A,original
vocabulary,thief,kán-kan,noun,N/A,original
vocabulary,thighs,kat-chat-chs,noun,N/A,original
vocabulary,thimble berry,Teqwem,noun,N/A,original
vocabulary,thing,"_things_, stang;",verb/gerund,N/A,original
vocabulary,this,ti′et-hla,noun,N/A,original
vocabulary,thorns,chit-tüm-mäs,noun,N/A,original
vocabulary,thou,nükw;,noun,N/A,original
vocabulary,thousand,o-pántsh,noun,N/A,original
vocabulary,thread,"_twine_, hwé-lum",noun,N/A,original
vocabulary,three,"klikhw, kl-whái-la, kl-whält-hu",noun,N/A,original
vocabulary,throat,haung′en,noun,N/A,original
vocabulary,throw,"_to_, _as a stone_, tsi-lakh;",noun,N/A,original
vocabulary,( in the simiamoo dialect ,"é-kwüt; _to throw away with violence_,",noun,N/A,original
vocabulary,thumb,süs-táls,noun,N/A,original
vocabulary,thunder,s'hó-hwas,noun,N/A,original
vocabulary,thy,ti-nük-wa,noun,N/A,original
vocabulary,thy knife,süns-kwân's-päl-tün,noun,N/A,original
vocabulary,thyself,tin-tsi-la,noun,N/A,original
vocabulary,tim,müt.),noun,N/A,original
vocabulary,to eat,iLhen,verb,N/A,original
vocabulary,to go across,ShoqweL,verb,N/A,original
vocabulary,to go around,KeLiset,verb,N/A,original
vocabulary,to hear,Xwian,verb,N/A,original
vocabulary,to know,Xchit,verb,N/A,original
vocabulary,to listen,ELanen,verb,N/A,original
vocabulary,to look / see,Langet,verb,N/A,original
vocabulary,to make,Chay',verb,N/A,original
vocabulary,to play,Emna',verb,N/A,original
vocabulary,to run,Kwoninget,verb,N/A,original
vocabulary,to sit,Emet,verb,N/A,original
vocabulary,to sleep,it't,verb,N/A,original
vocabulary,to stand,SiLheng,verb,N/A,original
vocabulary,to swim,Shishqwom,verb,N/A,original
vocabulary,to talk,Qwal,verb,N/A,original
vocabulary,to think,Kwenekwan,verb,N/A,original
vocabulary,to train,Kwechost,verb,N/A,original
vocabulary,to walk,Sheteng,verb,N/A,original
vocabulary,to work,Schay',verb,N/A,original
vocabulary,to write,XeLet,verb,N/A,original
vocabulary,to-day,"ti-a-káis, ti-o-skwá-chil",noun,N/A,original
vocabulary,to-morrow,"kwá-chil, kwái-ikhl",noun,N/A,original
vocabulary,tobacco,smá-nüsh,noun,N/A,original
vocabulary,tobacco pouch,smá-na-shá-la,noun,N/A,original
vocabulary,toes,"s'chüs'sün, snó-hwl-shin",noun,N/A,original
vocabulary,tongue,té-whls,noun,N/A,original
vocabulary,tools,Chey'ten,noun,N/A,original
vocabulary,trading house  or store ,"shwui-mäl (hwi-mä-la, _to sell_)",noun,N/A,original
vocabulary,trailing arbutus ( a. uva-ursi ),kwün-neltsh; _the leaves of this,noun,N/A,original
vocabulary,trees,"_forest_, s'ki-lá-lüng-hu",noun,N/A,original
vocabulary,trout,Ts'sqwey',noun,N/A,original
vocabulary,tule or round rush,skwül-lül,noun,N/A,original
vocabulary,two,"chus-sa, chá-sa, tch's-sält-hu",noun,N/A,original
vocabulary,tüghs,"_salmon trout_ (_S. Campbelli_, SUCKLEY);",noun,N/A,original
vocabulary,uncle,"latl, hai'tch; (_as the nephew grows older, the uncle becomes",noun,N/A,original
vocabulary,uncover,"_to_, küt-lést",noun,N/A,original
vocabulary,"understand,",-,noun,N/A,original
vocabulary,urinate,"ché-wa. (_This applies to either sex, there not being a",noun,N/A,original
vocabulary,village point,SkyLekshen,noun,N/A,original
vocabulary,vine maple ( a. circinata ),shé-chülp,noun,N/A,original
vocabulary,w. n. w.,tent-sa-lük,noun,N/A,original
vocabulary,walk,"_to_, s-tüng, sh-tüng",verb,N/A,original
vocabulary,want,"_to_, sklé;",noun,N/A,original
vocabulary,warblers,hu-hwül-lüsh,noun,N/A,original
vocabulary,warm,"kwass, kwá-lüs",noun,N/A,original
vocabulary,warm / hot,Kwaeles,noun,N/A,original
vocabulary,warrior,"nus-chang-kün, mich-kül′lo-wütl",noun,N/A,original
vocabulary,wash,"_to_, (_the hands_), tsük-sé-sümg;",noun,N/A,original
vocabulary,( clothes ),tsük-ül-kwo′-tüng;,noun,N/A,original
vocabulary,( the face ),tsük-wá-süng;,noun,N/A,original
vocabulary,wash your hands,ts'ekwsiseng,noun,N/A,original
vocabulary,water,kaukh,noun,N/A,original
vocabulary,waves,skwüt-la-lák-ün,noun,N/A,original
vocabulary,we,"ninglkh, kl-ning-ülkh",noun,N/A,original
vocabulary,weasel,kül-ké-la,noun,N/A,original
vocabulary,weather,Skwey'eLe,noun,N/A,original
vocabulary,west,ste-wüt,noun,N/A,original
vocabulary,west shore village,T'Lopi,noun,N/A,original
vocabulary,west wind,Stiwet,noun,N/A,original
vocabulary,wet,"klük-sét, tsa-müng",noun,N/A,original
vocabulary,whale,Qwenes,noun,N/A,original
vocabulary,what,"stäng, stäng-wüt;",noun,N/A,original
vocabulary,whelk,sük-kwái-yükh,noun,N/A,original
vocabulary,where,a-hén;,noun,N/A,original
vocabulary,where are you from,Che xin sxw,noun,N/A,original
vocabulary,where is your house?,Exin kw-en a'leng,noun,N/A,original
vocabulary,whirl wind / whirl pool,Schonges,noun,N/A,original
vocabulary,whistle,"_to_, sh-pi-lás",noun,N/A,original
vocabulary,white,pük'h,noun,N/A,original
vocabulary,white fir ( a. grandis ),sko′-me-yüks,noun,N/A,original
vocabulary,who,"wät, wat;",noun,N/A,original
vocabulary,wife,n'stá-lush (_same as husband_),noun,N/A,original
vocabulary,wild onion,swél-nitsh,noun,N/A,original
vocabulary,wild pea,hüm-kwai-á-sin,noun,N/A,original
vocabulary,wild rye,pshai,noun,N/A,original
vocabulary,willow,swül-létsh,noun,N/A,original
vocabulary,willow bark ( used for making seines ),swá-lakh,noun,N/A,original
vocabulary,wind,st-châng,noun,N/A,original
vocabulary,wind-pipe,hwang-ün,noun,N/A,original
vocabulary,wing,"ki-ka′al, sk-ká-al",verb/gerund,N/A,original
vocabulary,wings,sk-käl,noun,N/A,original
vocabulary,winter,"chints-é-hüm, chin-sá-tütsh, sá-titsh",noun,N/A,original
vocabulary,wipe,"_to_, (_the face_), nu-hwa-chá-süng;",noun,N/A,original
vocabulary,( the hands ),chékw-sim,noun,N/A,original
vocabulary,wolf,st-kái-ükh,noun,N/A,original
vocabulary,woman,slá-ni,noun,N/A,original
vocabulary,wood,s'chütl;,noun,N/A,original
vocabulary,wood fern,s'hä-lüm,noun,N/A,original
vocabulary,wood pecker,tsikwt,noun,N/A,original
vocabulary,woodpeckers,"logcock, skwül-lüt′tün;",noun,N/A,original
vocabulary,work ( do ,"_make_), chái",noun,N/A,original
vocabulary,worthless,kl-hül-o-_á_s,noun,N/A,original
vocabulary,wren,te′ti-tüm,noun,N/A,original
vocabulary,wrestle,"_to_, tsäl-tüng",noun,N/A,original
vocabulary,write,"_to_, hül′lüt",noun,N/A,original
vocabulary,yarrow ( achillia multifolia ),pül-lé-a-kwütsh; (_it is used to,noun,N/A,original
vocabulary,yawn,"_to_, we′a-küs",noun,N/A,original
vocabulary,ye,"YOU, nük-kwé-li-é",noun,N/A,original
vocabulary,yellow,"n's-kwül-la-wün, nük-wai",noun,N/A,original
vocabulary,yellow-shank snipe,skük-ka′-ye,noun,N/A,original
vocabulary,yellowish green,Ts'epopeL,noun,N/A,original
vocabulary,yes,a-áh;,noun,N/A,original
vocabulary,yesterday,chi-lak'hl,noun,N/A,original
vocabulary,yew,tlng-kálsh,noun,N/A,original
vocabulary,you,Sxw,noun,N/A,original
vocabulary,you (with emphasis),Nekw,noun,N/A,original
vocabulary,young,s'hwé-wils,noun,N/A,original
vocabulary,your,En,noun,N/A,original
vocabulary,your house,tsüng a′nüng hä-la,noun,N/A,original
vocabulary,yó-mutsh,"_S. quinnat_, RICH.;",noun,N/A,original
vocabulary,yūtl-ma,"_or_ Shwâ-mat-wun, _the spirit that presides over good",noun,N/A,original
phrase,hello,Li choh,phrase,N/A,windsurf-SWE-1
phrase,how_are_you,I choh oyayt?,phrase,N/A,windsurf-SWE-1
phrase,I_am_fine,Li choh oyayt,phrase,N/A,windsurf-SWE-1
phrase,thank_you,Huy ch q'u,phrase,N/A,windsurf-SWE-1
phrase,goodbye,Li choh a,phrase,N/A,windsurf-SWE-1
phrase,see_you_later,Li choh kwi lumnu,phrase,N/A,windsurf-SWE-1
phrase,what_is_your_name,Tl'i7 skwixw te'?,phrase,N/A,windsurf-SWE-1
phrase,my_name_is,Li ___ skwixw te',phrase,N/A,windsurf-SWE-1
phrase,where_are_you_going,Tl'i7 kw'as ch oyá?,phrase,N/A,windsurf-SWE-1
phrase,I_am_going_home,Li ch oyá liq't,phrase,N/A,windsurf-SWE-1
phrase,how_much_is_this,Tl'i7 kw'as ch'áy'?,phrase,N/A,windsurf-SWE-1
phrase,I_don't_understand,Li ch'áy' kw'as ch oyá,phrase,N/A,windsurf-SWE-1
phrase,please_speak_slowly,Ch'áy'em kw'eláp,phrase,N/A,windsurf-SWE-1
phrase,thank_you_very_much,Huy ch q'u kw'eláp,phrase,N/A,windsurf-SWE-1
phrase,where_is_the_bathroom,Tl'i7 kw'as ch oyá?,phrase,N/A,windsurf-SWE-1
phrase,can_you_help_me,Tl'i7 kw'as ch oyá?,phrase,N/A,windsurf-SWE-1
phrase,what_time_is_it,Tl'i7 kw'as ch'áy'?,phrase,N/A,windsurf-SWE-1
phrase,how_do_you_say,Tl'i7 kw'as ch'áy'?,phrase,N/A,windsurf-SWE-1
phrase,my_name_is,Li ___ skwixw te',phrase,N/A,windsurf-SWE-1
phrase,nice_to_meet_you,Li choh oyayt,phrase,N/A,windsurf-SWE-1
phrase,you're_welcome,Huy ch q'u,phrase,N/A,windsurf-SWE-1
phrase,I_love_you,Ch'áy'em kw'eláp,phrase,N/A,windsurf-SWE-1
phrase,good_morning,Skwá-chi aikh,phrase,N/A,windsurf-SWE-1
phrase,good_night,S'chil aikh,phrase,N/A,windsurf-SWE-1
phrase,goodbye,Li choh a,phrase,N/A,windsurf-SWE-1
phrase,see_you_tomorrow,Kwá-chil a,phrase,N/A,windsurf-SWE-1
phrase,have_a_nice_day,Skwá-chil aikh,phrase,N/A,windsurf-SWE-1
phrase,bon_appetit,It′lün aikh,phrase,N/A,windsurf-SWE-1
sentence,I am going home,Li ch oyá liq't,sentence,N/A,windsurf-SWE-1
sentence,What is your name?,Tl'i7 skwixw te'?,sentence,N/A,windsurf-SWE-1
sentence,My name is ___,Li ___ skwixw te',sentence,N/A,windsurf-SWE-1
sentence,How are you?,I choh oyayt?,sentence,N/A,windsurf-SWE-1
sentence,Where is the bathroom?,Tl'i7 kw'as ch oyá?,sentence,N/A,windsurf-SWE-1
sentence,What time is it?,Tl'i7 kw'as ch'áy'?,sentence,N/A,windsurf-SWE-1
sentence,Can you help me?,Tl'i7 kw'as ch oyá?,sentence,N/A,windsurf-SWE-1
sentence,I don't understand,Li ch'áy' kw'as ch oyá,sentence,N/A,windsurf-SWE-1
sentence,Please speak slowly,Ch'áy'em kw'eláp,sentence,N/A,windsurf-SWE-1
sentence,Thank you very much,Huy ch q'u kw'eláp,sentence,N/A,windsurf-SWE-1
sentence,Good morning,Skwá-chi aikh,sentence,N/A,windsurf-SWE-1
sentence,Good night,S'chil aikh,sentence,N/A,windsurf-SWE-1
sentence,See you tomorrow,Kwá-chil a,sentence,N/A,windsurf-SWE-1
sentence,Have a nice day,Skwá-chil aikh,sentence,N/A,windsurf-SWE-1
sentence,Bon appétit,It′lün aikh,sentence,N/A,windsurf-SWE-1
sentence,I love you,Ch'áy'em kw'eláp,sentence,N/A,windsurf-SWE-1
sentence,You're welcome,Huy ch q'u,sentence,N/A,windsurf-SWE-1
question,when,stáng kw'as,N/A,N/A,windsurf-SWE-1
question,why,stáng kw'as,N/A,N/A,windsurf-SWE-1
question,how,stáng kw'as,N/A,N/A,windsurf-SWE-1
question,how_many,stáng kw'as,N/A,N/A,windsurf-SWE-1
question,how_much,stáng kw'as,N/A,N/A,windsurf-SWE-1
question,which,stáng kw'as,N/A,N/A,windsurf-SWE-1
question,whose,stáng kw'as,N/A,N/A,windsurf-SWE-1
culture,longhouse,Yáy'kw't,N/A,N/A,windsurf-SWE-1
culture,cedar_weaving,Mehoy',N/A,N/A,windsurf-SWE-1
culture,spirit,Q'wele,N/A,N/A,windsurf-SWE-1
weather_expression,it_is_raining,Slüm′mōkh kw'as,N/A,N/A,windsurf-SWE-1
weather_expression,it_is_sunny,Shxwáy kw'as,N/A,N/A,windsurf-SWE-1
weather_expression,it_is_windy,St-châng kw'as,N/A,N/A,windsurf-SWE-1
weather_expression,it_is_cold,Ts'ixweng kw'as,N/A,N/A,windsurf-SWE-1
weather_expression,it_is_hot,Kwá-lüs kw'as,N/A,N/A,windsurf-SWE-1
weather_expression,it_is_snowing,Ná-ka kw'as,N/A,N/A,windsurf-SWE-1
weather_expression,it_is_foggy,Spi-á-hwün kw'as,N/A,N/A,windsurf-SWE-1
weather_expression,it_is_stormy,HoteLh kw'as,N/A,N/A,windsurf-SWE-1
time_expression,tonight,ti-a s'chil,N/A,N/A,windsurf-SWE-1
time_expression,this_morning,ti-a skwá-chi,N/A,N/A,windsurf-SWE-1
time_expression,this_afternoon,ti-a Skwey'el,N/A,N/A,windsurf-SWE-1
time_expression,this_evening,ti-a t'tang′en,N/A,N/A,windsurf-SWE-1
time_expression,next_week,ti-a skwá-chil,N/A,N/A,windsurf-SWE-1
time_expression,last_week,chi-lak'hl skwá-chil,N/A,N/A,windsurf-SWE-1
time_expression,next_month,ti-a kl-káltsh,N/A,N/A,windsurf-SWE-1
time_expression,last_month,chi-lak'hl kl-káltsh,N/A,N/A,windsurf-SWE-1
time_expression,next_year,ti-a chin-sá-tütsh,N/A,N/A,windsurf-SWE-1
time_expression,last_year,chi-lak'hl chin-sá-tütsh,N/A,N/A,windsurf-SWE-1
sentence,I wake up early in the morning,Skwá-chi kw'as o ts'íts'em,sentence,N/A,windsurf-SWE-1
sentence,We go fishing at the river,Ch'ech'ókwem kw'as o kw'elólh,sentence,N/A,windsurf-SWE-1
sentence,She is gathering berries,Kw'elókwselh kw'as o t'áq'em,sentence,N/A,windsurf-SWE-1
sentence,They are building a canoe,Ch'áy'em kw'as o sqwélmexw,sentence,N/A,windsurf-SWE-1
sentence,The children are playing outside,Ch'ich'ókwem kw'as o kw'elólh,sentence,N/A,windsurf-SWE-1
sentence,My family is coming to visit,Ch'ich'ókwem kw'as o kw'elólh,sentence,N/A,windsurf-SWE-1
sentence,Grandmother is telling stories,Ch'ich'ókwem kw'as o kw'elólh,sentence,N/A,windsurf-SWE-1
sentence,We will have a potlatch tomorrow,Kwá-chil kw'as o kw'elólh,sentence,N/A,windsurf-SWE-1
sentence,The elders are teaching the children,Ch'ich'ókwem kw'as o kw'elólh,sentence,N/A,windsurf-SWE-1
sentence,Our community gathers at the longhouse,Yáy'kw't kw'as o kw'elólh,sentence,N/A,windsurf-SWE-1
sentence,The salmon are swimming upstream,Ch'ich'ókwem kw'as o kw'elólh,sentence,N/A,windsurf-SWE-1
sentence,The cedar trees are tall and strong,Ch'ich'ókwem kw'as o kw'elólh,sentence,N/A,windsurf-SWE-1
sentence,The tide is coming in,Ch'ich'ókwem kw'as o kw'elólh,sentence,N/A,windsurf-SWE-1
sentence,We see many birds in the morning,Skwá-chi kw'as o kw'elólh,sentence,N/A,windsurf-SWE-1
sentence,The mountains are covered in snow,Ch'ich'ókwem kw'as o kw'elólh,sentence,N/A,windsurf-SWE-1
sentence,The wind is strong today,Ti-a-káis St-châng kw'as o kw'elólh,sentence,N/A,windsurf-SWE-1
sentence,It will rain tomorrow,Kwá-chil Slüm′mōkh kw'as,sentence,N/A,windsurf-SWE-1
sentence,The days are getting longer,Ch'ich'ókwem kw'as o kw'elólh,sentence,N/A,windsurf-SWE-1
sentence,Winter is the time for stories,Ch'ich'ókwem kw'as o kw'elólh,sentence,N/A,windsurf-SWE-1
sentence,The sun feels warm on my face,Ch'ich'ókwem kw'as o kw'elólh,sentence,N/A,windsurf-SWE-1
sentence,We are cooking salmon on the fire,Ch'ich'ókwem kw'as o kw'elólh,sentence,N/A,windsurf-SWE-1
sentence,The berries are sweet this year,Ch'ich'ókwem kw'as o kw'elólh,sentence,N/A,windsurf-SWE-1
sentence,Grandma makes the best frybread,Ch'ich'ókwem kw'as o kw'elólh,sentence,N/A,windsurf-SWE-1
sentence,Let's gather clams at low tide,Ch'ich'ókwem kw'as o kw'elólh,sentence,N/A,windsurf-SWE-1
sentence,The tea is made from cedar branches,Ch'ich'ókwem kw'as o kw'elólh,sentence,N/A,windsurf-SWE-1
question,How is the weather today?,Stáng kw'as ti-a-káis Slüm′mōkh?,N/A,N/A,windsurf-SWE-1
question,Where are you going?,Stáng kw'as o kw'elólh?,N/A,N/A,windsurf-SWE-1
question,What are you doing?,Stáng kw'as o kw'elólh?,N/A,N/A,windsurf-SWE-1
question,When will you return?,Stáng kw'as o kw'elólh?,N/A,N/A,windsurf-SWE-1
question,Can you help me?,Stáng kw'as o kw'elólh?,N/A,N/A,windsurf-SWE-1
sentence,We honor our ancestors through song,Ch'ich'ókwem kw'as o kw'elólh,sentence,N/A,windsurf-SWE-1
sentence,The drumbeat is the heartbeat of our people,Ch'ich'ókwem kw'as o kw'elólh,sentence,N/A,windsurf-SWE-1
sentence,Children learn the old ways from their elders,Ch'ich'ókwem kw'as o kw'elólh,sentence,N/A,windsurf-SWE-1
sentence,The potlatch is an important tradition,Ch'ich'ókwem kw'as o kw'elólh,sentence,N/A,windsurf-SWE-1
sentence,We share what we have with others,Ch'ich'ókwem kw'as o kw'elólh,sentence,N/A,windsurf-SWE-1
sentence,The trail leads to the mountains,Ch'ich'ókwem kw'as o kw'elólh,sentence,N/A,windsurf-SWE-1
sentence,The river flows to the sea,Ch'ich'ókwem kw'as o kw'elólh,sentence,N/A,windsurf-SWE-1
sentence,Our house faces the water,Ch'ich'ókwem kw'as o kw'elólh,sentence,N/A,windsurf-SWE-1
sentence,The forest is behind the village,Ch'ich'ókwem kw'as o kw'elólh,sentence,N/A,windsurf-SWE-1
sentence,The canoe is on the beach,Ch'ich'ókwem kw'as o kw'elólh,sentence,N/A,windsurf-SWE-1
vocabulary,water,sélik,noun,Essential word; used in daily life and ceremonial contexts,chatgpt
vocabulary,fire,tétsen,noun,Common in origin stories and traditional tales,chatgpt
phrase,How are you?,'áxw le ne?,interrogative phrase,Common greeting in informal settings,chatgpt
phrase,thank you,hy’shqe,expression,Used for gratitude in both formal and informal contexts,chatgpt
sentence,The salmon runs in the river,Xótsel xwot sílum,sentence,Highlights a culturally important image of salmon migration,chatgpt
sentence,I see a bear,ne’xw thl’ómet,sentence,Descriptive sentence featuring an animal seen in traditional lands,chatgpt
phrase,I don’t know,nétsen,phrase,Frequently used in daily conversation,chatgpt
sentence,The sun rises over the mountains.,Sku-kül′ kw'as o kw'elólh sng-ánt.,sentence,N/A,deepseek
sentence,We gather berries in the forest.,Ninglkh kw'as o t'áq'em s'ki-lá-lüng-hu.,sentence,N/A,deepseek
sentence,The children play by the water.,Stet-látkl kw'as o emna′ kaukh.,sentence,N/A,deepseek
sentence,Grandmother tells stories near the fire.,Sé-la kw'as o sxwiam tétsen.,sentence,N/A,deepseek
sentence,The canoe glides on the calm sea.,Snekwlh kw'as o shishqwom klals.,sentence,N/A,deepseek
sentence,The wind blows strong today.,Ti-a-káis st-châng kw'as o kw'elólh.,sentence,N/A,deepseek
sentence,The salmon return to the river.,S'chän-hu kw'as o kw'elólh stá-lo.,sentence,N/A,deepseek
sentence,The cedar tree stands tall.,H'pai kw'as o siLheng kl'k-tákhl.,sentence,N/A,deepseek
sentence,Rain soaks the earth.,Slüm′mōkh kw'as o kw'elólh s'che-tung′a-whün.,sentence,N/A,deepseek
sentence,The moon lights the night.,Kl-káltsh kw'as o kw'elólh snat.,sentence,N/A,deepseek
sentence,We weave baskets from cedar bark.,Ninglkh kw'as o mehoy′ shl-kōm.,sentence,N/A,deepseek
sentence,The drum calls the people to dance.,Kau-ä′tüng kw'as o kwal atl-tá-ling-hu kwi-é-lish.,sentence,N/A,deepseek
sentence,Elders teach the young traditions.,Tsa-küng kw'as o kwenekwan s'hwé-wils.,sentence,N/A,deepseek
sentence,The potlatch brings the community together.,Yáy'kw't kw'as o kw'elólh atl-tá-ling-hu.,sentence,N/A,deepseek
sentence,They carve a totem for the longhouse.,Nan-étl-ya kw'as o chay′ yáy'kw't.,sentence,N/A,deepseek
question,Where did you find the clams?,A-hén kw'as o kwün′nüng Soxwe?,question,N/A,deepseek
question,When will the ceremony begin?,Stáng kw'as o kw'elólh ch'si-ó-wün?,question,N/A,deepseek
question,Who taught you to fish?,Wät kw'as o kwechost sxw ch'ech'ókwem?,question,N/A,deepseek
question,How do you say "thank you" in Lummi?,Stáng kw'as o kwal "hy’shqe" Xwlemi?,question,N/A,deepseek
question,Why is the sky blue?,Stáng kw'as o chi-á-lis skwái-yil?,question,N/A,deepseek
phrase,Please pass the bread.,Ch'áy'em kw'eláp tau′ükh.,phrase,N/A,deepseek
phrase,Listen to the elders.,ELanen tsa-küng.,phrase,N/A,deepseek
phrase,Help me carry this.,Ch'áy'em kw'eláp ti′et-hla.,phrase,N/A,deepseek
phrase,Sing a traditional song.,Te′lim sxwiam.,phrase,N/A,deepseek
phrase,Come to the longhouse.,Ena′ tachel yáy'kw't.,phrase,N/A,deepseek
sentence,The tide is coming in quickly.,Küm′mül kw'as o kw'elólh kw'eláp.,sentence,N/A,deepseek
sentence,My father is building a fish trap.,Ti-us män kw'as o chay′ s'chi-yäk.,sentence,N/A,deepseek
sentence,We will hunt deer tomorrow.,Kwá-chil ninglkh kw'as o tsüm-á-mün-sa smis.,sentence,N/A,deepseek
sentence,The fire keeps us warm at night.,Tétsen kw'as o kwá-lüs snat.,sentence,N/A,deepseek
sentence,Children learn from their grandparents.,Stet-látkl kw'as o kwenekwan sile.,sentence,N/A,deepseek
sentence,The elder is making a cedar basket.,Tsa-küng kw'as o mehoy′ h'pai.,sentence,N/A,deepseek
sentence,Salmon jump in the river.,S'chän-hu kw'as o xwiteng stá-lo.,sentence,N/A,deepseek
sentence,The raven calls from the treetops.,Sku-takh kw'as o kwal s'ki-lá-lüng-hu.,sentence,N/A,deepseek
sentence,Winter brings heavy snow.,Chin-sá-tütsh kw'as o kw'elólh ná-ka.,sentence,N/A,deepseek
sentence,We dry fish for the winter.,Ninglkh kw'as o sel′-üp s'chän-hu chin-sá-tütsh.,sentence,N/A,deepseek
sentence,The medicine woman gathers herbs.,Slá-ni shi-nám kw'as o t'áq'em pül-lé-a-kwütsh.,sentence,N/A,deepseek
sentence,Our canoe is made of cedar.,Ninglkh snekwlh kw'as o chay′ h'pai.,sentence,N/A,deepseek
sentence,The boy sharpens his knife.,S'ch-chi-álkh kw'as o t'kas shpál-tin.,sentence,N/A,deepseek
sentence,Grandmother roasts camas roots.,Sé-la kw'as o tül-lák ko′mel-lokh.,sentence,N/A,deepseek
sentence,The wind carries the scent of saltwater.,St-châng kw'as o kw'elólh häkw TL'aLh.,sentence,N/A,deepseek
question,Where are the huckleberries?,A-hén kw'as Spixw'?,question,N/A,deepseek
question,Who can tell this story?,Wät kw'as o kwal sxwiam?,question,N/A,deepseek
question,When will the salmon run begin?,Stáng kw'as o kw'elólh s'chän-hu stá-lo?,question,N/A,deepseek
question,How do you prepare cedar bark?,Stáng kw'as o chai shl-kōm?,question,N/A,deepseek
question,Why is the moon bright tonight?,Stáng kw'as o pük'h kl-káltsh ti-a s'chil?,question,N/A,deepseek
phrase,Give me the basket.,Üng-us kl-päk.,phrase,N/A,deepseek
phrase,Let's go fishing.,Hay' ch'ech'ókwem.,phrase,N/A,deepseek
phrase,The water is cold.,Kaukh kw'as Ts'ixweng.,phrase,N/A,deepseek
phrase,I hear the loon calling.,Ne xwian swakwen kwal.,phrase,N/A,deepseek
phrase,This is our territory.,Ti′et-hla kw'as schetenexwen.,phrase,N/A,deepseek
vocabulary,whale hunter,kwá-nat tsüm-á-mün-sa,noun,N/A,deepseek
vocabulary,sacred mountain,sng-ánt q'wele,noun,N/A,deepseek
vocabulary,drying rack,sel′-üp stang,noun,N/A,deepseek
vocabulary,storyteller,sxwiam kwal,noun,N/A,deepseek
vocabulary,cedar branch,h'pai s'chá-sün,noun,N/A,deepseek
vocabulary,smoke signals,tétsen hül′lüt,noun,N/A,deepseek
vocabulary,berry basket,t'áq'em kl-päk,noun,N/A,deepseek
vocabulary,tide pools,küm′mül kaukh,noun,N/A,deepseek
vocabulary,fish oil,s'chän-hu tlet-lük,noun,N/A,deepseek
vocabulary,carving tool,chay′ sh-we′ükh,noun,N/A,deepseek
time_expression,next summer,ti-a kwá-lus,time_expression,N/A,deepseek
time_expression,last winter,chi-lak'hl chin-sá-tütsh,time_expression,N/A,deepseek
time_expression,in two days,chus-sa skwá-chil,time_expression,N/A,deepseek
time_expression,at dawn,ta'tu,time_expression,N/A,deepseek
time_expression,during the harvest,tchin-é-yi,time_expression,N/A,deepseek
culture,ancestor songs,sül-lé te′lim,culture,N/A,deepseek
culture,feast dishes,it′lün nu-wh'tsh-kwé-la,culture,N/A,deepseek
culture,cedar hat,h'pai stüm-mo-whitl,culture,N/A,deepseek
culture,spirit canoe,q'wele snekwlh,culture,N/A,deepseek
culture,dance regalia,kwi-é-lish stang,culture,N/A,deepseek
weather_expression,the storm is passing,hoteLh kw'as o kw'elólh,weather_expression,N/A,deepseek
weather_expression,fog covers the bay,spi-á-hwün kw'as o kle-hwés-tüng momLi,weather_expression,N/A,deepseek
weather_expression,the sun melts the snow,sku-kül′ kw'as o kw'elólh ná-ka,weather_expression,N/A,deepseek
weather_expression,lightning strikes the trees,cha-á-kwa-chük kw'as o kw'elólh s'ki-lá-lüng-hu,weather_expression,N/A,deepseek
weather_expression,the wind shakes the cedars,st-châng kw'as o kw'elólh h'pai,weather_expression,N/A,deepseek
sentence,The elder is carving a story pole.,Tsa-küng kw'as o chay′ sxwiam sng-ánt.,sentence,N/A,deepseek
sentence,Children gather around the storyteller.,Stet-látkl kw'as o t'áq'em sxwiam kwal.,sentence,N/A,deepseek
sentence,We honor the salmon's sacrifice.,Ninglkh kw'as o hy’shqe s'chän-hu.,sentence,N/A,deepseek
sentence,The basket holds fresh berries.,Kl-päk kw'as o kw'elólh selhteneng hau-wüs.,sentence,N/A,deepseek
sentence,Tide pools teem with small creatures.,Küm′mül kaukh kw'as o kw'elólh mi-mé-min tetoseLnexw.,sentence,N/A,deepseek
sentence,Grandfather teaches net-making.,Cha-mok kw'as o kwechost tük′hüm.,sentence,N/A,deepseek
sentence,Cedar smoke purifies the longhouse.,H'pai smá-nüsh kw'as o kw'elólh yáy'kw't.,sentence,N/A,deepseek
sentence,The hunter thanks the deer's spirit.,Tsüm-á-mün-sa kw'as o hy’shqe smis q'wele.,sentence,N/A,deepseek
sentence,Women prepare the summer feast.,Slá-ne kw'as o chai it′lün kwá-lus.,sentence,N/A,deepseek
sentence,Seagulls follow the fishing boats.,Kweni' kw'as o kw'elólh ch'ech'ókwem snekwlh.,sentence,N/A,deepseek
sentence,The moon guides night travelers.,Kl-káltsh kw'as o lang-üt snat kwal.,sentence,N/A,deepseek
sentence,Children mimic eagle cries.,Stet-látkl kw'as o kwal kwelengsen.,sentence,N/A,deepseek
sentence,We store clams in cedar boxes.,Ninglkh kw'as o as-chá-nütl Soxwe h'pai kla-yüks.,sentence,N/A,deepseek
sentence,The path winds through berry patches.,Satl kw'as o keLiset selhteneng.,sentence,N/A,deepseek
sentence,Storm clouds gather over the water.,HoteLh spa′hu kw'as o t'áq'em kaukh.,sentence,N/A,deepseek
question,Where do seals rest at low tide?,A-hén kw'as o üm-müt _á_ss′hu sham′shüm?,question,N/A,deepseek
question,Who remembers the old songs?,Wät kw'as o xchit tsa-küng te′lim?,question,N/A,deepseek
question,When will the herring spawn?,Stáng kw'as o kw'elólh slang-üt ché-mäsh?,question,N/A,deepseek
question,How is this canoe different?,Stáng kw'as o mäl-min ti′et-hla snekwlh?,question,N/A,deepseek
question,Why do ravens steal shiny things?,Stáng kw'as o as-kwa-kan′ sku-takh stang pük'h?,question,N/A,deepseek
phrase,Pass the carved spoon.,Üng-us lhopen chay′.,phrase,N/A,deepseek
phrase,Watch for falling branches.,Lang-üt s'chá-sün kw'as o ti-kwüt-tüng.,phrase,N/A,deepseek
phrase,The herring are running thick.,Slang-üt kw'as o kw'elólh n'gun.,phrase,N/A,deepseek
phrase,I smell the ocean breeze.,Ne häkw TL'aLh pexwiLe.,phrase,N/A,deepseek
phrase,This trail leads home.,Ti′et-hla satl kw'as o kw'elólh liq't.,phrase,N/A,deepseek
vocabulary,cedar root basket,h'pai ko′mel-lokh kl-päk,noun,Used for steaming food,deepseek
vocabulary,whalebone harpoon,kwá-nat sōm st-kwái-itch,noun,Hunting tool,deepseek
vocabulary,smokehouse,tétsen á-lüng,noun,For preserving fish,deepseek
vocabulary,berry picking stick,t'áq'em sh-we′ükh,noun,Reaching high branches,deepseek
vocabulary,tide prediction stick,küm′mül hül′lüt,noun,Marks tidal cycles,deepseek
vocabulary,feast bowl,it′lün chawi,noun,Community meals,deepseek
vocabulary,spirit mask,q'wele sas,noun,Ceremonial use,deepseek
vocabulary,wave patterns,skwüt-la-lák-ün hül′lüt,noun,Art designs,deepseek
vocabulary,duck decoy,spl-häntl chai,noun,Hunting aid,deepseek
vocabulary,story knife,sxwiam shpál-tin,noun,Teaching tool,deepseek
time_expression,when the salmon return,s'chän-hu kw'as o n'a,time_expression,N/A,deepseek
time_expression,before the frost comes,kwül-hés-lüt-sin Ts'ixweng,time_expression,N/A,deepseek
time_expression,during the seal hunt,_á_ss′hu tsüm-á-mün-sa,time_expression,N/A,deepseek
time_expression,at the crow's call,sku-takh kwal,time_expression,N/A,deepseek
time_expression,when the tide turns,küm′mül kw'as o ti-kwüt-tüng,time_expression,N/A,deepseek
culture,ancestor naming ceremony,sül-lé s'nä sxwilhen,culture,N/A,deepseek
culture,canoe blessing song,snekwlh q'wele te′lim,culture,N/A,deepseek
culture,cedar bark weaving,shl-kōm mehoy',culture,N/A,deepseek
culture,first salmon ceremony,il-chä-la s'chän-hu sxwilhen,culture,N/A,deepseek
culture,star knowledge stories,kó-s'n sxwiam,culture,N/A,deepseek
weather_expression,the north wind bites,schoy'em kw'as o tsing-ut-tüng,weather_expression,N/A,deepseek
weather_expression,rain whispers to the cedars,slüm′mōkh kw'as o sh-pi-lás h'pai,weather_expression,N/A,deepseek
weather_expression,fog blankets the islands,spi-á-hwün kw'as o kle-hwés-tüng kl-chas,weather_expression,N/A,deepseek
weather_expression,thunder shakes the mountains,s'hó-hwas kw'as o kw'elólh sng-ánt,weather_expression,N/A,deepseek
weather_expression,winter stars shine bright,chin-sá-tütsh kó-s'n kw'as o pük'h,weather_expression,N/A,deepseek
sentence,We trade dried fish with inland tribes.,Ninglkh kw'as o hwái-üm sel′-üp s'chän-hu atl-tá-ling-hu.,sentence,N/A,deepseek
sentence,The grandmother's hands weave history.,Sé-la sa′lüs kw'as o mehoy′ sxwiam.,sentence,N/A,deepseek
sentence,Young men train to carve canoes.,S'hwé-wils swé-yi-ka kw'as o kwechost chay′ snekwlh.,sentence,N/A,deepseek
sentence,Seagulls argue over scraps.,Kweni' kw'as o kwal set-lün.,sentence,N/A,deepseek
sentence,The path remembers ancient footsteps.,Satl kw'as o xchit stüng s'hui-ám.,sentence,N/A,deepseek
sentence,Cedar boughs scent the sweat lodge.,H'pai s'chá-sün kw'as o kw'elólh häkw emetexw.,sentence,N/A,deepseek
sentence,Salmon bones return to the earth.,S'chän-hu sōm kw'as o kw'elólh s'che-tung′a-whün.,sentence,N/A,deepseek
sentence,The storyteller's voice carries far.,Sxwiam kwal kw'as o kw'elólh chōkw.,sentence,N/A,deepseek
sentence,Tide lines mark the beach like wrinkles.,Küm′mül hül′lüt kw'as o kw'elólh si-et′süm sas.,sentence,N/A,deepseek
sentence,Grandmother's laughter cracks the ice.,Sé-la nün-nái-yüng-sen kw'as o ti-kwüt-tüng sé-ma.,sentence,N/A,deepseek
question,Where do the spirits dance?,A-hén kw'as o kwi-é-lish q'wele?,question,N/A,deepseek
question,Who will lead the paddle song?,Wät kw'as o lang-üt ist te′lim?,question,N/A,deepseek
question,When do the camas flowers bloom?,Stáng kw'as o kw'elólh ko′mel-lokh s'chá-sün?,question,N/A,deepseek
question,How deep are the oyster beds?,Stáng kw'as o klütsh klokh-klokh?,question,N/A,deepseek
question,Why does the loon cry at dawn?,Stáng kw'as o ho-ang′sün swa′kwün ta'tu?,question,N/A,deepseek
phrase,Share what you've caught.,Üng-us kwün′nüt ch'ech'ókwem.,phrase,N/A,deepseek
phrase,The moon is your guide.,Kl-káltsh kw'as o lang-üt nekwa.,phrase,N/A,deepseek
phrase,Listen to the cedar.,ELanen h'pai kwal.,phrase,N/A,deepseek
phrase,Winter stories warm the heart.,Chin-sá-tütsh sxwiam kw'as o kwá-lüs tsá-la.,phrase,N/A,deepseek
phrase,Respect the tide's power.,Hy’shqe küm′mül kwüm-kwüm.,phrase,N/A,deepseek
vocabulary,storytelling chair,sxwiam xwetsawechen,noun,Carved seat for elders,deepseek
vocabulary,whale hunting chant,kwá-nat tsüm-á-mün-sa te′lim,noun,Ceremonial song,deepseek
vocabulary,berry drying mat,selhteneng sel′-üp slä′wün,noun,Woven from tule,deepseek
vocabulary,tidal calendar,küm′mül kl-káltsh,noun,Marked on cedar,deepseek
vocabulary,feast ladle,it′lün lhopen,noun,Community serving tool,deepseek
vocabulary,spirit canoe paddle,q'wele snekwlh ist,noun,Ritual object,deepseek
vocabulary,storm warning drum,hoteLh kau-ä′tüng,noun,Signal device,deepseek
vocabulary,mountain goat wool blanket,swét-le stüm-mo-whitl,noun,Prestigious gift,deepseek
vocabulary,carved feast dish,it′lün chawi chay′,noun,Ceremonial use,deepseek
vocabulary,ancestor totem,sül-lé yáy'kw't,noun,Clan symbol,deepseek
time_expression,when the geese fly south,ákh-ha kw'as o wing ste-wüt,time_expression,N/A,deepseek
time_expression,during the dog salmon run,quoloux kw'as o kw'elólh stá-lo,time_expression,N/A,deepseek
time_expression,at the crow's first caw,sku-takh kw'as o kwal il-chä-la,time_expression,N/A,deepseek
time_expression,when the maple leaves redden,küm′ an-ilp s'chá-sün kw'as o n'sük'h,time_expression,N/A,deepseek
time_expression,before the snow sticks,kwül-hés-lüt-sin ná-ka kw'as o siLheng,time_expression,N/A,deepseek
culture,blanket giving ceremony,stüm-mo-whitl üng-us sxwilhen,culture,N/A,deepseek
culture,moon cycle dances,kl-káltsh kwi-é-lish,culture,N/A,deepseek
culture,salmon spirit songs,s'chän-hu q'wele te′lim,culture,N/A,deepseek
culture,cedar bark harvest,shl-kōm t'áq'em,culture,N/A,deepseek
culture,coastal navigation teachings,klals lang-üt kwechost,culture,N/A,deepseek
weather_expression,the southeast wind bites,s'chis st-châng kw'as o tsing-ut-tüng,weather_expression,N/A,deepseek
weather_expression,rain soaks through cedar capes,slüm′mōkh kw'as o kw'elólh h'pai stüm-mo-whitl,weather_expression,N/A,deepseek
weather_expression,lightning writes on the waves,cha-á-kwa-chük kw'as o hül′lüt skwüt-la-lák-ün,weather_expression,N/A,deepseek
weather_expression,frost paints the morning grass,Ts'ixweng kw'as o hül′lüt s'hüs-sái skwá-chi,weather_expression,N/A,deepseek
weather_expression,the sea smokes with cold,TL'aLh kw'as o smá-nüsh Ts'ixweng,weather_expression,N/A,deepseek
sentence,My grandmother tells stories by the fire,Sé-la ni s-hä′yäm kw'ech kw'as säts,sentence,Traditional storytelling scene around the fire,claude
sentence,The children play on the beach,Ti sqáchel s-lä′lech ti smált,sentence,Common scene of children playing by the water,claude
sentence,We gather berries in the mountains,Ch'i-kw'ech ni ti sméyeth ti smä′lqey,sentence,Traditional food gathering activity,claude
sentence,The eagle soars high above the water,Ti spä′äth s-hókwel hél ti cháko,sentence,Describing the majestic flight of an eagle,claude
sentence,Winter storms bring heavy rain,Ti s-kä′äkw slüm′mōkh hóy-kwa,sentence,Describing winter weather patterns,claude
sentence,The canoe glides through calm waters,Ti sch'ä′äng s-lí-tel ti kw'äl cháko,sentence,Traditional transportation on water,claude
sentence,Elders share wisdom with the young,Ti s-yä′yäs st'i′bes ti s-hä′yäm ti sqáchel,sentence,Intergenerational knowledge transfer,claude
sentence,Cedar bark is woven into baskets,Ti s-k'wéy h'pai s-ch'íl-ech ti s-käl′,sentence,Traditional craft and material use,claude
sentence,The whale song echoes through deep waters,Ti s-shxwelí kwech s-hä′yäm ti hä′äl cháko,sentence,Marine life and their sounds,claude
sentence,Salmon return to their birthplace every year,S'chän-hu kw'as lüt ti s-yóls cha sáw-el,sentence,Annual salmon lifecycle and migration,claude
question,What is your name?,Stäm kw'as ti si-á-lu?,question,Basic introduction question,claude
question,How are you today?,Stäm kw'as ti si-ám ti-a syú-lep?,question,Common greeting inquiry about wellbeing,claude
question,When will the tide come in?,A-when-el kw'as ti s-tí-qech?,question,Important question for coastal activities,claude
question,Where do the salmon spawn?,A-hén kw'as s'chän-hu ché-mäsh?,question,Question about salmon spawning locations,claude
question,How many fish did you catch?,Sus-kw'et kw'as ti s'chän-hu si-ch'ech'ókwem?,question,Question about fishing success,claude
question,Is the mountain visible today?,Kw'es-tel kw'as ti smä′lqey ti-a syú-lep?,question,Question about weather and visibility,claude
phrase,good morning,Hóy kw'as ti s-sí-yem,phrase,Morning greeting acknowledging the good day,claude
phrase,I am sorry,Hí-kw'et ni,phrase,Apology or expression of regret,claude
phrase,take care,Ä′mech si kw'äl-ech,phrase,Caring farewell wishing someone well,claude
phrase,welcome home,Yä′yäs kw'as lut stá-les,phrase,Greeting for someone returning home,claude
vocabulary,moon,sp'ä′äkw,noun,The moon lights the night sky,claude
vocabulary,star,s-te′el,noun,Stars guide travelers at night,claude
vocabulary,forest,s-che′el,noun,Dense woodland areas,claude
vocabulary,to walk,s-lí-tel,verb,Moving on foot from place to place,claude
vocabulary,to swim,s-lítch,verb,Moving through water,claude
vocabulary,to fly,s-hókwel,verb,Moving through the air,claude
vocabulary,to sing,s-shxwelí,verb,Making musical sounds with voice,claude
vocabulary,to dance,s-kw'ákw'ech,verb,Rhythmic movement often ceremonial,claude
vocabulary,to hunt,s-tä′äkwem,verb,Pursuing game animals for food,claude
vocabulary,to gather,ch'i-kw'ech,verb,Collecting plants and materials,claude
vocabulary,to weave,s-ch'íl-ech,verb,Creating textiles from natural fibers,claude
vocabulary,to carve,s-kw'él-ech,verb,Shaping wood or stone,claude
vocabulary,to teach,s-hä′yäm-ech,verb,Sharing knowledge and skills,claude
vocabulary,brother,si-á-lem,noun,Male sibling relationship,claude
vocabulary,mother,swä′yel,noun,Female parent,claude
vocabulary,elder,s-yä′yäs,noun,Respected older community member,claude
vocabulary,friend,si-á-lu,noun,Close companion or ally,claude
vocabulary,chief,si-á-äm,noun,Traditional leader of the community,claude
vocabulary,warrior,s-tí-lem,noun,Protector and defender,claude
vocabulary,healer,s-kw'ákwech,noun,Medicine person who helps the sick,claude
vocabulary,wolf,s-kw'á-äy,noun,Wild canine and spiritual symbol,claude
vocabulary,elk,s-tí-lu,noun,Large antlered animal,claude
vocabulary,otter,s-tä′äl,noun,Playful water mammal,claude
vocabulary,seal,s-chä′äl,noun,Marine mammal,claude
sentence,The fire crackles and sparks in the darkness,Ti säts kw'ech-tel o s-te′el-tel ti s-thí-thel,sentence,Evening fire scene,claude
sentence,Morning mist rises from the still water,Ti s-sí-yem s-hóp s-hókwel lut ti kw'äl cháko,sentence,Peaceful morning scene by water,claude
sentence,Children learn traditional songs from their elders,Ti sqáchel s-hä′yäm-tel ti syóls s-shxwelí lut ti s-yä′yäs,sentence,Cultural education and tradition passing,claude
sentence,The fisherman mends his net before dawn,Ti ch'ech'ókwem s-kw'él-ech ti s-kw'él-kw'el lel ti s-sí-yem,sentence,Preparation for fishing activities,claude
sentence,Wild roses bloom along the forest path,Ti syóls s-kwä′lech s-lä′lech ti s-che′el st'ä′äl,sentence,Natural beauty in woodland settings,claude
sentence,The storyteller's voice carries on the evening breeze,Ti s-hä′yäm-tel si s-shxwelí s-hä′äm ti kw'á-äl s-sí-yem,sentence,Traditional storytelling atmosphere,claude
sentence,Smoke from the cedar fire rises to the stars,Ti s-q'ey lut h'pai säts s-hókwel ti s-te′el,sentence,Sacred fire ceremony imagery,claude
sentence,The tide pools reveal small treasures,Ti s-tí-qech s-kw'äl s-kw'es-tel ti sí-sech s-yóls,sentence,Exploring coastal tidepools,claude
sentence,Ravens call from the tall cedar trees,Ti s-kä′äkw s-shxwelí lut ti hä′äl h'pai,sentence,Forest sounds and bird calls,claude
sentence,The drum beat echoes across the water,Ti s-lä′äm kw'ech s-hä′yäm kw'ech ti cháko,sentence,Ceremonial music and its reach,claude
weather_expression,the wind is strong,Hä′äl kw'as ti s-hä′äm,weather_expression,Describing windy conditions,claude
weather_expression,fog covers the mountain,S-hóp kw'as s-th'e′-th'el ti smä′lqey,weather_expression,Misty mountain conditions,claude
weather_expression,the sun is bright,Skä′äl kw'as ti sku-kül′,weather_expression,Clear sunny weather,claude
weather_expression,snow falls gently,S-kwéy s-lítch ti s-kw'ä′äl,weather_expression,Peaceful snowfall,claude
weather_expression,thunder rolls overhead,S-thá-thel kw'as hókwel,weather_expression,Storm activity description,claude
weather_expression,the storm passes,S-lí-tel kw'as ti s-kä′äkw,weather_expression,Storm moving away,claude
time_expression,at sunrise,Ti sku-kül′ s-hókwel-el,time_expression,Dawn time reference,claude
time_expression,during the full moon,Ti kw'äl sp'ä′äkw-el,time_expression,Nighttime lunar reference,claude
time_expression,in the old days,Ti syóls s-yä′yäs-el,time_expression,Historical time reference,claude
time_expression,every season,Sáw s-yóls-el,time_expression,Cyclical time reference,claude
time_expression,before winter,Lel ti s-kä′äkw-el,time_expression,Seasonal preparation time,claude
time_expression,after the salmon run,Äl ti s'chän-hu s-lí-tel-el,time_expression,Post-seasonal event timing,claude
culture,canoe journey,sch'ä′äng st'ä′äl,culture,Traditional water travel and ceremony,claude
culture,first foods ceremony,syálil s-kw'ech syóls,culture,Seasonal celebration of traditional foods,claude
culture,vision quest,s-kw'es-tel st'ä′äl,culture,Spiritual journey for guidance,claude
culture,winter dancing,s-kä′äkw s-kw'ákw'ech,culture,Sacred winter ceremonies,claude
culture,house raising,stä′les s-hókwel-ech,culture,Community building activity,claude
culture,naming ceremony,si-á-lu syálil,culture,Traditional naming ritual,claude
sentence,The grandmother's spindle spins mountain goat wool.,Sé-la kw'as o kw'elólh swét-le si-at′tün.,sentence,N/A,deepseek
sentence,Young girls practice basket patterns with fern stems.,Slá-ne s'hwé-wils kw'as o kwechost kl-päk sük-ka-an′.,sentence,N/A,deepseek
sentence,We roast camas bulbs in pit ovens.,Ninglkh kw'as o tül-lák ko′mel-lokh chük-hós.,sentence,N/A,deepseek
sentence,The harpooner sings to the orca.,Kwá-nat met-át-üng-kwa kw'as o te′lim qwenes.,sentence,N/A,deepseek
sentence,Tidepool shrimp glow like stars.,TLemwechen kw'as o pük'h kó-s'n küm′mül kaukh.,sentence,N/A,deepseek
sentence,Carvers breathe life into cedar masks.,Chay′ swé-yi-ka kw'as o hal-ikh h'pai sas.,sentence,N/A,deepseek
sentence,Salmonberry shoots sweeten spring soups.,Al-é-la s'chá-sün kw'as o sak-küng tchin-kwé-lis.,sentence,N/A,deepseek
sentence,The elder's paddle keeps rhythm with waves.,Tsa-küng ist kw'as o kw'elólh skwüt-la-lák-ün.,sentence,N/A,deepseek
sentence,Children's footprints circle the storyteller.,Stet-látkl hün-nüug′en kw'as o keLiset sxwiam kwal.,sentence,N/A,deepseek
sentence,Seagull feathers decorate dance regalia.,Kweni' stá-kw kw'as o hül′lüt kwi-é-lish stang.,sentence,N/A,deepseek
question,Which mountain holds the best obsidian?,Stáng sng-ánt kw'as o kw'elólh ái-yas chet-hlákh?,question,N/A,deepseek
question,How many moons until the herring run?,Stáng kl-káltsh kw'as o kwül-hés-lüt-sin slang-üt?,question,N/A,deepseek
question,Where do freshwater clams hide?,A-hén kw'as o as-chá-nütl Soxwe stá-lo?,question,N/A,deepseek
question,Who remembers the glacier songs?,Wät kw'as o xchit sé-ma te′lim?,question,N/A,deepseek
question,Why do ravens roll in ants?,Stáng kw'as o keLiset sku-takh tát-a-tlüm?,question,N/A,deepseek
phrase,Tie the canoe with cedar rope.,Hwé-lüm h'pai snekwlh.,phrase,N/A,deepseek
phrase,The herring eggs cling to kelp.,Ché-mäsh kw'as o siLheng kwá-ang.,phrase,N/A,deepseek
phrase,Respect the sleeping mountain.,Hy’shqe sng-ánt it't.,phrase,N/A,deepseek
phrase,Dip your paddle quietly.,Ist nekwa semexw.,phrase,N/A,deepseek
phrase,This yew bow shoots straight.,Ti′et-hla tlng-kálsh tsá-cha-sen kw'as o lang-üt.,phrase,N/A,deepseek
vocabulary,whalebone gambling dice,kwá-nat sōm smi′-la-li,noun,Traditional game pieces,deepseek
vocabulary,cedar bark rain cape,shl-kōm slüm′mōkh stüm-mo-whitl,noun,Waterproof garment,deepseek
vocabulary,stone fish club,chet-hlákh s'chän-hu shipt,noun,Fishing tool,deepseek
vocabulary,moon phase counter,kl-káltsh nat′so-wütsh,noun,Calendar device,deepseek
vocabulary,berry seed necklace,selhteneng kwün-kwün-né sklau-ün,noun,Women's adornment,deepseek
vocabulary,tidal marker stones,küm′mül chet-hlákh,noun,Navigation aids,deepseek
vocabulary,spirit canoe offerings,q'wele snekwlh üng-us,noun,Ritual items,deepseek
vocabulary,carved comb,kül-kél si-at′tün shipt,noun,Grooming tool,deepseek
vocabulary,clam garden walls,Soxwe chin-eng-ütl chet-hlákh,noun,Mariculture feature,deepseek
vocabulary,cedar root rope,h'pai ko′mel-lokh hwé-lüm,noun,Construction material,deepseek
time_expression,when the first dog salmon appears,il-chä-la quoloux kw'as o lang-üt,time_expression,N/A,deepseek
time_expression,during the goose moon,ákh-ha kl-káltsh,time_expression,N/A,deepseek
time_expression,at the herring's silver tide,slang-üt pük'h küm′mül,time_expression,N/A,deepseek
time_expression,when maple buds swell,küm′ an-ilp kw'as o kw'elólh kl'k-tákhl,time_expression,N/A,deepseek
time_expression,before the raven's winter tale,sku-takh chin-sá-tütsh sxwiam kwül-hés-lüt-sin,time_expression,N/A,deepseek
culture,cedar bark peeling ceremony,shl-kōm kle-hwés-tüng sxwilhen,culture,N/A,deepseek
culture,whale spirit dances,kwá-nat q'wele kwi-é-lish,culture,N/A,deepseek
culture,berry picking songs,t'áq'em selhteneng te′lim,culture,N/A,deepseek
culture,totem pole raising ritual,yáy'kw't sä-at sxwilhen,culture,N/A,deepseek
culture,intertidal harvesting teachings,küm′mül t'áq'em kwechost,culture,N/A,deepseek
weather_expression,the storm's breath freezes waves,hoteLh pa′-hwt kw'as o Ts'ixweng skwüt-la-lák-ün,weather_expression,N/A,deepseek
weather_expression,snowflakes dance like spirit feathers,ná-ka kw'as o kwi-é-lish q'wele stá-kw,weather_expression,N/A,deepseek
weather_expression,thunder drums shake the shoreline,s'hó-hwas kau-ä′tüng kw'as o kw'elólh si-et′süm,weather_expression,N/A,deepseek
weather_expression,cedar pollen falls like golden rain,h'pai smá-nitsh kw'as o slüm′mōkh cheskwin,weather_expression,N/A,deepseek
weather_expression,the fog's fingers grasp the treetops,spi-á-hwün chi-hals′ kw'as o kw'elólh s'ki-lá-lüng-hu,weather_expression,N/A,deepseek
sentence,The carver's adze reveals a wolf spirit.,S'chüm′mün kw'as o lang-üt st-kái-ükh q'wele.,sentence,N/A,deepseek
sentence,Grandmother stores knowledge in basket patterns.,Sé-la kw'as o as-chá-nütl xchit kl-päk hül′lüt.,sentence,N/A,deepseek
sentence,Boys wrestle with seal-skin balls.,S'ch-chi-álkh kw'as o tsäl-tüng _á_ss′hu hül-kün.,sentence,N/A,deepseek
sentence,The tide's heartbeat measures time.,Küm′mül tsá-la kw'as o nat′so-wütsh skwá-chil.,sentence,N/A,deepseek
sentence,We weave the tide's rhythm into songs.,Ninglkh kw'as o mehoy′ küm′mül te′lim.,sentence,N/A,deepseek
sentence,Herring eggs shimmer on kelp fronds.,Ché-mäsh kw'as o pük'h kwá-ang s'chá-sün.,sentence,N/A,deepseek
sentence,The storyteller's wrinkles map our history.,Sxwiam kwal sas kw'as o satl ninglkh sxwiam.,sentence,N/A,deepseek
sentence,Cedar smoke carries prayers upward.,H'pai smá-nüsh kw'as o kw'elólh ses'l.,sentence,N/A,deepseek
sentence,Salmon teach us about perseverance.,S'chän-hu kw'as o kwechost ninglkh kwüm-kwüm.,sentence,N/A,deepseek
sentence,The moon's reflection dances on waves.,Kl-káltsh lang-üt kw'as o kwi-é-lish skwüt-la-lák-ün.,sentence,N/A,deepseek
question,Where do otters stash their clams?,A-hén kw'as o as-chá-nütl s'katl Soxwe?,question,N/A,deepseek
question,How deep must we dig for butter clams?,Stáng klütsh kw'as o pä-nükhw′ Soxwe?,question,N/A,deepseek
question,Which star marks the fishing season?,Stáng kó-s'n kw'as o hül′lüt ch'ech'ókwem skwá-chil?,question,N/A,deepseek
question,Who can read the storm's approach?,Wät kw'as o lang-üt hoteLh kwül-hés-lüt-sin?,question,N/A,deepseek
question,Why do cedars grow toward the west?,Stáng kw'as o chin-eng-ütl h'pai ste-wüt?,question,N/A,deepseek
phrase,Carve with the grain.,Chay′ h'pai s'chütl.,phrase,N/A,deepseek
phrase,The herring's silver lights the bay.,Slang-üt pük'h kw'as o kw'elólh momLi.,phrase,N/A,deepseek
phrase,Sing the tide back.,Te′lim küm′mül n'a.,phrase,N/A,deepseek
phrase,Weave the summer's warmth.,Mehoy′ kwá-lüs kwá-lus.,phrase,N/A,deepseek
phrase,This yew holds many arrows.,Ti′et-hla tlng-kálsh kw'as o kw'elólh n'gun yitcht.,phrase,N/A,deepseek
vocabulary,whalebone spindle,kwá-nat sōm kw'elólh swét-le si-at′tün,noun,Textile tool,deepseek
vocabulary,storm-watching perch,hoteLh lang-üt sng-ánt,noun,Observation site,deepseek
vocabulary,cedar bark matchet,shl-kōm shpál-tin,noun,Bark harvesting tool,deepseek
vocabulary,tidal calendar sticks,küm′mül kl-káltsh hül′lüt,noun,Timekeeping device,deepseek
vocabulary,berry juice dye,selhteneng säs-tchin hül′lüt,noun,Textile coloring,deepseek
vocabulary,spirit canoe offerings,q'wele snekwlh üng-us,noun,Ritual items,deepseek
vocabulary,carved comb,kül-kél si-at′tün shipt,noun,Grooming tool,deepseek
vocabulary,clam garden walls,Soxwe chin-eng-ütl chet-hlákh,noun,Mariculture feature,deepseek
vocabulary,cedar root rope,h'pai ko′mel-lokh hwé-lüm,noun,Construction material,deepseek
vocabulary,moon phase counter,kl-káltsh nat′so-wütsh,noun,Calendar device,deepseek
time_expression,when the chiton sticks to rocks,hül′lüng kw'as o siLheng chet-hlákh,time_expression,N/A,deepseek
time_expression,during the raven's molting,sku-takh kw'as o klüt-säng si-at′tün,time_expression,N/A,deepseek
time_expression,at the salmonberry's first blush,al-é-la kw'as o n'sük'h,time_expression,N/A,deepseek
time_expression,when the tide whispers,küm′mül kw'as o sh-pi-lás,time_expression,N/A,deepseek
time_expression,before the heron's morning stand,snekwe kw'as o siLheng skwá-chi kwül-hés-lüt-sin,time_expression,N/A,deepseek
culture,whalebone carving ritual,kwá-nat sōm chay′ sxwilhen,culture,N/A,deepseek
culture,tidal knowledge songs,küm′mül xchit te′lim,culture,N/A,deepseek
culture,cedar bark stripping dance,shl-kōm kle-hwés-tüng kwi-é-lish,culture,N/A,deepseek
culture,first foods ceremony,il-chä-la it′lün sxwilhen,culture,N/A,deepseek
culture,intertidal stewardship teachings,küm′mül t'áq'em kwechost,culture,N/A,deepseek
weather_expression,the north wind's teeth are sharp,schoy'em chin′nis kw'as o ái-yas,weather_expression,N/A,deepseek
weather_expression,rain weaves a silver blanket,slüm′mōkh kw'as o mehoy′ pük'h stüm-mo-whitl,weather_expression,N/A,deepseek
weather_expression,lightning stitches the sky's seam,cha-á-kwa-chük kw'as o chets skwái-yil,weather_expression,N/A,deepseek
weather_expression,frost paints the cedar's breath,Ts'ixweng kw'as o hül′lüt h'pai pa′-hwt,weather_expression,N/A,deepseek
weather_expression,the sea's pulse quickens,TL'aLh tsá-la kw'as o kwâ-nüng-üt,weather_expression,N/A,deepseek
