id,lekwungen_word
1,WORD
2,ʔaʔáx̣ʷ
3,ʔal̓
4,ʔal̓ələɬ
5,ʔanáɬ
6,ʔapənelətxʷ
7,ʔawə
8,ʔawəne swáy̓qeʔs
9,ʔawənə
10,ʔaw̓k̓ʷ
11,ʔax̣ʷ
12,ʔax̣ʷtxʷ
13,ʔayʔáy̓mət
14,ʔayéq
15,ʔayéqtal
16,ʔay̓
17,ʔay̓ ʔəɬtélŋəxʷ
18,ʔay̓ skʷečəl
19,ʔay̓ sɬéni
20,ʔay̓ stiʔ ; ʔay̓ steʔ
21,ʔay̓ šxʷəsaʔay̓s
22,ʔečənéʔ
23,ʔelčɬ
24,ʔeli
25,ʔeɬti
26,ʔeɬtítəŋ
27,ʔest̓ánʔəɬ
28,ʔesxʷəɬ
29,ʔesʷśaləɬ
30,ʔeyáʔs
31,ʔeyáθəθən
32,ʔəw̓ (ʔo')
33,ʔəw̓ ʔáy̓ sn̓ ʔal̓
34,ʔəw̓ hay ʔal̓
35,ʔəw̓ txʷəʔáy̓ ʔal̓ nəxčəŋin
36,ʔəw̓níɬ
37,ʔi
38,ʔi ʔəw̓
39,ʔiʔ
40,ʔiʔ ʔáləs nəsə́qʷ
41,ʔiʔɬčél̓ə
42,ʔiʔɬčél̓ə ʔəɬtélŋəxʷ
43,ʔiʔɬčéɬŋəxʷ
44,ʔiʔɬn
45,ʔiʔnət
46,ʔiʔst
47,ʔiʔtət
48,ʔiʔ́ŋət
49,ʔiɬe
50,ʔiɬənʔéw̓txʷ
51,ʔist
52,ʔist tə snəxʷəɬ
53,ʔistxʷ
54,ʔitətʔéw̓txʷ
55,ʔiwéwə
56,ʔiyeqt
57,ʔiyəs
58,ʔiks
59,ʔáʔəxʷ
60,ʔáaʔmət
61,ʔáal̓əɬ
62,ʔáal̓əɬtxʷ
63,ʔáčə
64,ʔálənčəs
65,ʔáləx̣
66,ʔáləx̣əts
67,ʔámətəŋ
68,ʔáŋələ
69,ʔáŋəst
70,ʔáŋəstaŋəs
71,ʔáŋəstəŋ
72,ʔáŋəxʷ
73,ʔápəls
74,ʔápən
75,ʔápən ʔiʔ kʷ c̓ákʷəs
76,ʔápən ʔiʔ kʷ čəsə
77,ʔápən ʔiʔ kʷ ɬixʷ
78,ʔápən ʔiʔ kʷ ɬq̓éčəs
79,ʔápən ʔiʔ kʷ nə́c̓ə
80,ʔápən ʔiʔ kʷ ŋəs
81,ʔápən ʔiʔ kʷ tésəs
82,ʔápən ʔiʔ kʷ təkʷəxʷ
83,ʔápən ʔiʔ kʷ t̓x̣əŋ
84,ʔásəs
85,ʔátx̣əs
86,ʔáwə
87,ʔáwənə
88,ʔáwənə sén
89,ʔáwəs ʔay̓
90,ʔáx̣ʷnəs
91,ʔáy̓əlŋəxʷ
92,ʔáy̓ələs
93,ʔéʔčəx̣
94,ʔéʔlələŋs
95,ʔéʔəɬ
96,ʔéč̓ət
97,ʔéenəkʷ
98,ʔékʷə
99,ʔéɬeʔ
100,ʔéməq̓t
101,ʔénəŋ
102,ʔénəŋ cə sqʷəqʷə́l̓
103,ʔénəŋ tə sqʷəqʷə́l
104,ʔénət
105,ʔésxʷ
106,ʔéx̣əŋ
107,ʔéyət
108,ʔéyəwk̓ʷ
109,ʔíʔɬən sən; ʔíʔɬn̓ sn̓
110,ʔíc̓əŋ
111,ʔíc̓əŋ
112,ʔíɬn̓
113,ʔíɬn̓ səʔ
114,ʔíɬən sxʷ ; ʔíɬn̓ šxʷ
115,ʔíɬən; ʔíɬn̓
116,ʔín̓ət
117,ʔíŋəs
118,ʔíŋət
119,ʔíŋətəs
120,ʔítət
121,ʔítət sn̓
122,ʔíx̣ət
123,ʔə
124,ʔəʔɬčél̓ə
125,ʔəc̓eŋ
126,ʔəkʷáʔsə
127,ʔək̓ʷaʔst
128,ʔək̓ʷast
129,ʔək̓ʷastəŋ
130,ʔəleʔnaŋə
131,ʔəlečə́x̣
132,ʔəléʔnəxʷ
133,ʔəlénəŋ
134,ʔəlésxʷ
135,ʔəɬčəx̣
136,ʔəɬčə́x̣əɬ
137,ʔəɬsmán̓č
138,ʔəɬtelŋəxʷ
139,ʔəɬtélŋəxʷ
140,ʔəɬ-
141,ʔəɬəninəs čqʷínəs
142,ʔəƛ̓
143,ʔəmʔámənə
144,ʔəmneʔiŋ
145,ʔəmáttəŋ
146,ʔəméʔmən
147,ʔəméʔmən sčaɬ
148,ʔəmət či
149,ʔəmətʔew̓txʷ
150,ʔəmətíɬ
151,ʔəm̓əw̓
152,ʔənʔsmánəč
153,ʔənʔán
154,ʔənʔéʔs
155,ʔənʔéʔtəs
156,ʔən̓níxʷ
157,ʔən̓šxʷəɬnnáŋət
158,ʔəŋʔíŋəs
159,ʔəŋítəs
160,ʔəqʷʔíqʷiyəqʷ
161,ʔəqʷəléc
162,ʔəs
163,ʔəsčéqəɬ
164,ʔəsč̓éy̓ən
165,ʔəsléc̓əɬ
166,ʔəslélə
167,ʔəsɬə́lʔx̣ʷ
168,ʔəsɬə́lʔx̣ʷtxʷ
169,ʔəsméq̓əɬ
170,ʔəsnáw̓əɬ
171,ʔəsqéqəl̓
172,ʔəsq̓ep̓əɬ
173,ʔəsq̓épəɬ
174,ʔəsq̓épəɬ
175,ʔəsq̓ʷálʔəɬ
176,ʔəsteʔnəɬ
177,ʔəsták̓ʷəɬ
178,ʔəstáqʷəɬ
179,ʔəstésəɬ
180,ʔəst̓ésəɬ
181,ʔəsxʷtéqəɬ
182,ʔəsxʷáyəɬ
183,ʔəsxʷéyʔəɬ
184,ʔəsx̣éčəɬ
185,ʔəsx̣éɬəɬ
186,ʔəsx̣éɬəɬtəŋ
187,ʔəsx̣éx̣əɬ
188,ʔəsx̣ʷəní́̀ʔeŋ
189,ʔəsáʔəy
190,ʔəsáʔəytəŋstxʷ
191,ʔəsíʔ
192,ʔəsíqən
193,ʔəškʷéq̓əɬ
194,ʔəštéqəɬ
195,ʔətiʔə kʷəčil̓
196,ʔətíʔə
197,ʔətíʔə təŋən
198,ʔəxʷelŋəxʷ
199,ʔəxʷílŋəxʷʔéw̓txʷ
200,ʔəx̣in
201,ʔəx̣in kʷə
202,ʔəx̣síʔnəŋ
203,ʔəx̣ʷísət
204,ʔə-
205,ʔəńšxʷʔəláq̓ʷəʔ (S.M. šxʷáʔləq̓ʷaʔ)
206,ʔə́mət
207,ʔə́məttəŋs
208,ʔə́nəxʷ
209,ʔə́qʷiyəqʷ
210,ʔə́sə səw̓
211,ceʔe
212,ceʔə
213,cəw̓
214,cəw̓níɬ
215,cəw̓nəkʷíliyeʔ
216,cəw̓nəníʔɬiyeʔ
217,cəw̓x̣ləm
218,cx̣it
219,céʔənəŋ
220,céstən
221,cəʔéniŋ
222,cəlpəltxʷ
223,cəlíʔɬčə
224,cən
225,cəŋéʔɬ
226,cəŋéʔt
227,cəwx̣íləm (cox̣iləm)
228,c̓aʔkʷələč
229,c̓aʔq̓ʷ
230,c̓aləméen
231,c̓am̓
232,c̓aw̓
233,c̓eʔkʷə́sət
234,c̓eʔnəm
235,c̓ekʷétəŋ
236,c̓eq̓ʷət
237,c̓ew̓
238,c̓iʔíɬət sn̓ ʔə mək̓ʷ
239,c̓iʔít
240,c̓imen
241,c̓iqt
242,c̓kʷas
243,c̓kʷásəŋ
244,c̓kʷésət
245,c̓ɬx̣éʔem
246,c̓ɬáŋəsət
247,c̓qʷál̕əčə
248,c̓q̓ʷŋəsə́t
249,c̓q̓ʷítəŋ
250,c̓q̓ʷítəŋ
251,c̓x̣ey̓t
252,c̓x̣ə́ŋən
253,c̓áʔɬəŋ
254,c̓áʔməŋ
255,c̓ákʷəs
256,c̓ákʷəs néč̓əw̓əč
257,c̓ákʷəs sčəlénəŋ
258,c̓ámʔəl̓
259,c̓ám̓ənčən
260,c̓áŋəs
261,c̓áqʷəŋ
262,c̓áq̓ʷəŋ
263,c̓á́kʷəɬšéʔ
264,c̓éʔc̓eʔ
265,c̓éʔkʷət
266,c̓éʔət
267,c̓éčəlləʔ
268,c̓éleʔ
269,c̓éq̓ʷət
270,c̓íʔit
271,c̓íŋəl̓
272,c̓ísən
273,c̓íxʷəŋ
274,c̓əʔkʷetəlxʷ
275,c̓əʔkʷsénəŋ
276,c̓əʔkʷsísəŋ
277,c̓əʔkʷéqʷəŋ
278,c̓əkʷésət
279,c̓əkʷəlkʷə́təŋ
280,c̓ək̓ʷáʔmaʔ
281,c̓əlc̓ə́stəŋ
282,c̓əlm̓č̓iyi
283,c̓əlx̣ʷəm̓ə́čən
284,c̓əm̓éen
285,c̓əpsiyásən
286,c̓əq̓ʷnistən
287,c̓əwʔ
288,c̓əxʷʔkʷəs
289,c̓əxʷʔkʷəs ʔiʔ kʷ čəsə
290,c̓əxʷʔkʷəs ʔiʔ kʷ nəc̓ə
291,c̓əx̣tənitəŋ
292,c̓əyə
293,c̓ə́mč̓iyi
294,c̓ə́ŋətəŋ
295,c̓ə́ŋ̓əɬ
296,c̓ə́ŋ̓ət
297,c̓ə́q̓əŋ
298,c̓ə́x̣c̓əx̣
299,ččéʔey
300,čč̓ə́məqʷ
301,čeʔči
302,čeʔek̓
303,čeʔyənc̓
304,čeɬ
305,čeɬ
306,čen ʔəw̓ kʷɬsʔéləxʷ
307,čeqʷəŋin
308,čeq̓
309,čeq̓s
310,čex̣ʷ
311,čiʔetxʷ ʔax̣ʷ ʔə səw̓niɬ
312,čiʔetəɬ
313,čiʔéqn
314,čilq̓áʔwəč
315,čisélqəŋ
316,čiséləqəŋ
317,čiyénəxʷ
318,čiyə́wən
319,čkʷeʔ
320,čɬʔəsə
321,čɬniɬ
322,čɬníŋəɬ
323,čɬnəkʷíʔliyeʔ
324,čɬnə́kʷə
325,čɬqən ̓xʷ
326,čɬ- or -č-
327,čɬət
328,čƛ̓iʔ
329,čƛ̓iʔ
330,čneʔ
331,čqʷət
332,čséʔlətxʷ
333,čséləqəŋ
334,čsəléʔə
335,čteʔt
336,čteŋ
337,čtet
338,čtésə
339,čtétəŋ
340,čtəʔ
341,čtə́ŋ̓əxʷ
342,čx̣étsə
343,čx̣əʔlə́w̓sə
344,čx̣ət
345,čx̣əts kʷə
346,čx̣ʷéɬs
347,čyəwən
348,č-
349,čáʔləqʷ
350,čákʷəs
351,čáqʷəɬ
352,čáqʷəɬ cə šíʔšəč̓
353,čáq̓ʷəŋ
354,čéʔčət
355,čéʔet
356,čéʔi sn̓
357,čéʔlə
358,čéc̓ət
359,čéčəw̓txʷ
360,čéčəs
361,čéčət
362,čéčət tə snə́xʷəɬ
363,čéeʔə
364,čéləwt
365,čéx̣ʷəŋ
366,čéx̣ʷət
367,čéyʔəs
368,čéyči
369,číʔčiʔq̓nʔ
370,číʔčés
371,číʔiqʷən
372,číʔyəq
373,číyəwʔín
374,číkmən
375,čə ʔéʔləŋ
376,čə səléʔeƛ̓
377,čə or č-
378,čəʔayʔɬ
379,čəʔáwəs
380,čəʔáyʔɬ
381,čəčtənəxʷən
382,čəčtə́nəxʷ
383,čəčínəs
384,čəčítqəs
385,čəheləʔ
386,čəlčə́qʷ
387,čəlew̓
388,čələw̓
389,čəlénəŋ
390,čəléŋən
391,čəl̓éqəɬ
392,čəl̓ə́w̓təs
393,čəɬ
394,čəɬat
395,čənʔc̓ɬáŋəsət
396,čənʔc̓áʔɬəŋ
397,čənʔtéŋ
398,čənʔ-
399,čənʔáyiʔ
400,čənčéenəxʷ
401,čənéen̓xʷ
402,čənén̓əxʷ
403,čənəs
404,čənəsə
405,čən̓c̓áʔɬəŋ
406,čən̓k̓ʷéʔləs
407,čən̓íŋəɬ
408,čəŋéɬč
409,čəŋənə
410,čəq
411,čəq ʔéʔləŋ tə́ŋəxʷ
412,čəq skʷéčəl
413,čəq swáy̓qeʔ
414,čəq tə st̓éčəŋ
415,čəqsát
416,čəqʷ
417,čəqʷ sən
418,čəqʷnəxʷ
419,čəqʷə́w̓sə
420,čəsčéʔsə
421,čəsčəstxʷ
422,čəsɬéni
423,čəswáy̓qeʔ
424,čətqásəŋ
425,čəx̣ʷə́ʔlətən
426,čə-
427,čə́kʷən
428,čə́məx̣
429,čə́məx̣
430,čə́nʔət
431,čə́nəs
432,čə́nətəŋ
433,čə́sə
434,čə́šə; čsaʔ
435,č̓č̓eʔwiʔ
436,č̓č̓əléʔwiʔ
437,č̓ec̓íŋəɬ
438,č̓eŋ̓
439,č̓eŋ̓s
440,č̓eŋ̓təŋ
441,č̓kʷəx̣t
442,č̓q̓ʷə́lstn̓
443,č̓q̓ʷə́ləŋ spəxʷ
444,č̓seyʔíɬč
445,č̓sey̓
446,č̓sə́təlxʷ
447,č̓šálsəs
448,č̓tíkʷəsəŋ
449,č̓təŋ
450,č̓tə́t
451,č̓éʔwiʔ
452,č̓éc̓ ; č̓əc̓
453,č̓éc̓ən
454,č̓éc̓ət
455,č̓él̓č̓əl̓əxʷ
456,č̓énət
457,č̓íʔsəŋ
458,č̓íc̓ət
459,č̓íp̓ət
460,č̓ísəŋ
461,č̓əč̓áy̓əƛ̓
462,č̓əč̓áy̓əƛ̓ ɬqélč̓
463,č̓əkʷxíŋəɬ
464,č̓ək̓ʷəɬp
465,č̓əléʔ
466,č̓əléʔwiʔ
467,č̓əl̓
468,č̓əl̓wéʔsəŋ
469,č̓əmsayisən
470,č̓əméʔəl̓́; č̓əmiyəl
471,č̓əm̓č̓əm̓íqʷ
472,č̓ənʔésət
473,č̓ənə́stəŋ
474,č̓ənə́stəxʷ
475,č̓əŋ̓éxʷ
476,č̓əq̓
477,č̓əsíqʷt
478,č̓ətəŋ
479,č̓əweʔčéx̣ən
480,č̓ə́l̓č̓ələm̓
481,č̓ə́sqən
482,haʔays
483,haqʷ
484,hay t̓ax̣ʷq̓ílət
485,hayʔal̓
486,hay̓əw̓
487,hay̓txʷ
488,hay̓əl̓ sx̣éʔes
489,heʔəy̓č
490,hek̓ʷ
491,hilʔələŋ
492,hiləŋ
493,his
494,his ləʔ
495,hiyásəŋ
496,háʔəqʷ
497,hákʷət staq̓ʷəŋ
498,háqʷnəxʷ
499,héʔc̓əŋ
500,héʔek̓ʷ
501,héʔə
502,hélə
503,hésəŋ
504,héw̓t
505,həléʔəy̓č
506,həlí
507,həlísət
508,həlísəts
509,həlítəŋ
510,hələŋíqən
511,hən̓éʔ ɬeel
512,həwʔé
513,həwa
514,həwíləŋ
515,kʷ kʷéčələs
516,kʷakʷáylačəts
517,kʷamləxʷ
518,kʷčələ
519,kʷeʔx̣cisŋ
520,kʷəw̓níɬ
521,kʷəw̓xʷičəlaʔ
522,kʷiʔx̣sísəŋ
523,kʷiʔə
524,kʷil̓
525,kʷɬʔay̓
526,kʷɬʔəw̓
527,kʷɬʔi
528,kʷɬʔiʔ
529,kʷɬʔəc̓eŋ
530,kʷɬʔəsáʔay̓
531,kʷɬʔəsáʔəy
532,kʷɬʔətátəŋ
533,kʷɬc̓íŋəl̓
534,kʷɬčey
535,kʷɬčikʷəs ɬtə
536,kʷɬčíkʷəs
537,kʷɬčəlél
538,kʷɬčə́qʷəɬ
539,kʷɬəw̓
540,kʷɬhay̓
541,kʷɬhis
542,kʷɬkʷéq̓əŋ
543,kʷɬkʷəčíl
544,kʷɬɬeč
545,kʷɬɬeel
546,kʷɬɬáŋəsət
547,kʷɬniɬ
548,kʷɬnə́čəŋ
549,kʷɬqəlét
550,kʷɬqʷelʔ
551,kʷɬq̓ʷéy
552,kʷɬsqsíkʷəs
553,kʷɬsq̓ʷáʔq̓ʷəɬ
554,kʷɬštəŋ
555,kʷɬt̓ələŋ
556,kʷɬyeʔ
557,kʷɬíʔə
558,kʷs x̣ʷənʔéŋs
559,kʷseʔe
560,kʷsəw̓níɬ
561,kʷukʷ
562,kʷánəŋət
563,kʷásən
564,kʷáyəx̣
565,kʷéʔnəxʷ
566,kʷéʔət
567,kʷéʔəx̣sət
568,kʷéʔəx̣t
569,kʷéʔəx̣əŋ
570,kʷéʔəx̣əŋ cə təŋəxʷ
571,kʷéləs
572,kʷéq̓əŋ
573,kʷíʔwəntəl
574,kʷíkʷəx̣t
575,kʷín̓təl
576,kʷítšən
577,kʷíx̣ət
578,kʷə
579,kʷəče (also kʷče or kʷəč)
580,kʷəčil̓
581,kʷəčil̓ŋən
582,kʷəčmin
583,kʷəkʷeʔəx̣təŋ
584,kʷəkʷéʔl
585,kʷəkʷél̓
586,kʷəkʷínəs
587,kʷəkʷə́l̓əsət
588,kʷəlʔ
589,kʷəlʔast
590,kʷəlʔnə́xʷ
591,kʷəlʔəsət
592,kʷəlnəxʷ
593,kʷəlálaʔə́ɬp
594,kʷəléʔls
595,kʷəlítšən
596,kʷəmiéyqən
597,kʷəneŋətəŋ
598,kʷəniŋət
599,kʷəntis
600,kʷənéŋəɬ
601,kʷənéŋəs
602,kʷənéŋət
603,kʷənéŋətəl
604,kʷənéŋətəlxʷ
605,kʷənétəŋ
606,kʷənísən
607,kʷənəléx̣ət
608,kʷənəsči
609,kʷən̓téls(t)
610,kʷən̓tíxʷ
611,kʷən̓éŋəs če
612,kʷən̓ét
613,kʷəskʷáw
614,kʷəstéw̓əč
615,kʷəx̣ʷnəkʷəls
616,kʷəńsənéɬ
617,kʷə́ləŋ
618,kʷə́ləsət
619,kʷə́l̓əsət
620,kʷə́nəs
621,kʷə́nəs
622,kʷə́nət
623,kʷə́nəxʷ
624,kʷə́n̓təl̓
625,kʷə́ŋəsəs
626,k̓ʷes
627,k̓ʷəw̓yəkʷ
628,k̓ʷic̓
629,k̓ʷik̓ʷawəɬ
630,k̓ʷik̓ʷəw̓yəwkʷ
631,k̓ʷsəč
632,k̓ʷsəŋ
633,k̓ʷsət
634,k̓ʷsə́nəq
635,k̓ʷáləxʷ
636,k̓ʷámk̓ʷəm̓
637,k̓ʷánət̓
638,k̓ʷéʔləs
639,k̓ʷék̓ʷey̓
640,k̓ʷéləs sqʷəqʷə́lʔ
641,k̓ʷéɬəl
642,k̓ʷéssət
643,k̓ʷét̓ən
644,k̓ʷíʔšətəŋ
645,k̓ʷíʔwəc̓; k̓ʷiʔəwəʔəc̓
646,k̓ʷíc̓ət
647,k̓ʷíc̓ətəs
648,k̓ʷíkʷəɬ
649,k̓ʷík̓ʷən
650,k̓ʷíɬəw̓
651,k̓ʷəʔičən
652,k̓ʷəc̓áyč
653,k̓ʷək̓ʷét̓ən
654,k̓ʷəléɬəl
655,k̓ʷəlíʔt̓šnʔ
656,k̓ʷəlíw
657,k̓ʷənʔ
658,k̓ʷənʔk̓ʷə́nt
659,k̓ʷənʔsk̓ʷənʔsat
660,k̓ʷənaŋə
661,k̓ʷəna̓ŋəs
662,k̓ʷəneɬ
663,k̓ʷənstxʷ
664,k̓ʷənsínəŋ
665,k̓ʷəntís
666,k̓ʷənáŋət
667,k̓ʷənéləʔ
668,k̓ʷənəsčí
669,k̓ʷənəsəŋ
670,k̓ʷən̓sát
671,k̓ʷən̓tíŋ'
672,k̓ʷən̓ət
673,k̓ʷəstsxʷ
674,k̓ʷəwʔyəwk̓ʷ
675,k̓ʷəwʔə́ywkʷ
676,k̓ʷəx̣c̓ək̓ʷeɬpč (?)
677,k̓ʷə́ləw̓
678,k̓ʷə́ləw̓ ʔəƛ̓ smáyəs
679,k̓ʷə́nələ
680,k̓ʷə́nəɬ
681,k̓ʷə́nəs
682,k̓ʷə́nəxʷ
683,k̓ʷə́n̓sk̓ʷən̓
684,k̓ʷə́n̓təŋ
685,k̓ʷə́n̓əɬ
686,k̓ʷə́n̓ət
687,k̓ʷə́ŋət
688,k̓ʷə́stəŋ
689,k̓ʷə́stəŋ
690,k̓ʷə́tšən
691,k̓ʷə́wk̓ʷət
692,k̓ʷə́w̓yəwkʷ
693,k̓ʷə́xʷəlʔməxʷ
694,laƛ̓
695,leʔ
696,leʔ ʔə cə léʔə
697,leʔə tə́w̓lə
698,lelúut
699,lem
700,lepláš
701,let̓
702,lil̓
703,lisék
704,liyám
705,láʔsən
706,léʔeƛ̓
707,léʔnəŋ
708,léʔnəxʷ
709,léʔsət
710,léʔə
711,léʔə təw̓lə
712,léʔəl
713,léʔət
714,líiməs
715,líləʔ
716,líl̓əŋ
717,ləkʷə́x̣
718,lək̓ʷáŋən
719,ləláʔsən
720,ləléʔnəŋ
721,ləléʔnəŋ
722,ləléʔnəŋ
723,ləléʔn̓əŋ'
724,ləlíʔləŋ
725,lələŋsat
726,ləméʔtəlxʷ
727,ləmətúu
728,ləŋʔsát
729,ləpat
730,ləpláš
731,ləpəlít
732,ləšál
733,lətém
734,ləx̣ʷənə
735,ləkəli
736,ləkəwín
737,lə́ləč̓
738,ɬʔéyətəs
739,ɬc̓éqʷt
740,ɬc̓íŋən
741,ɬc̓ísət
742,ɬc̓ísətsən
743,ɬc̓ísətəŋ
744,ɬc̓ítəŋ
745,ɬc̓ítəŋsən
746,ɬčíkʷəs
747,ɬčəx̣
748,ɬeʔe
749,ɬeč
750,ɬeel
751,ɬeq̓ət
752,ɬew̓
753,ɬew̓
754,ɬiʔe
755,ɬic̓
756,ɬic̓
757,ɬic̓ət
758,ɬik̓ʷ
759,ɬil
760,ɬil
761,ɬiltxʷ
762,ɬixʷ
763,ɬixʷelə
764,ɬixʷs néč̓əw̓əč̓̌ - ɬixʷele
765,ɬixʷélə ʔə tə nəc̓exʷ
766,ɬixʷələč
767,ɬkʷáʔwəs
768,ɬléɬlayakʷ
769,ɬmeʔénš
770,ɬniŋəɬ
771,ɬníŋəɬ
772,ɬŋéʔəŋ'
773,ɬqit
774,ɬqn̓ʔétn
775,ɬqít
776,ɬq̓it
777,ɬq̓its
778,ɬq̓éčəs
779,ɬq̓əčsélətxʷ
780,ɬq̓əčəɬšeʔ ʔiʔ kʷ c̓akʷəs
781,ɬq̓əčəɬšeʔ ʔiʔ kʷ čəsə
782,ɬq̓əčəɬšeʔ ʔiʔ kʷ ɬixʷ
783,ɬq̓əčəɬšeʔ ʔiʔ kʷ ɬq̓ečəs
784,ɬq̓əčəɬšeʔ ʔiʔ kʷ nəc̓ə
785,ɬq̓əčəɬšeʔ ʔiʔ kʷ ŋəs
786,ɬq̓əčəɬšeʔ ʔiʔ kʷ teʔsəs
787,ɬq̓əčəɬšeʔ ʔiʔ kʷ təkʷəwxʷ
788,ɬq̓əčəɬšeʔ ʔiʔ kʷ t̓xəŋ
789,ɬq̓əčəɬšéʔ
790,ɬq̓ət
791,ɬq̓ʷast
792,ɬq̓ʷálnəs
793,ɬq̓ʷátəŋ
794,ɬq̓ʷənkʷéstəŋ
795,ɬq̓ʷət
796,ɬtəw̓
797,ɬti
798,ɬtə
799,ɬtə́x̣təŋ
800,ɬxʷelətxʷ
801,ɬxʷeɬ
802,ɬx̣ən̓ákʷən
803,ɬx̣ʷélə ʔə tə nəc̓éxʷ
804,ɬáləŋ
805,ɬáləs
806,ɬáɬəq̓ʷ
807,ɬáq̓ʷsət
808,ɬáq̓ʷəŋ
809,ɬáq̓ʷət
810,ɬáq̓ʷətəŋ
811,ɬéləs (?)
812,ɬéw̓qəm̓
813,ɬíc̓nəs
814,ɬíc̓ət
815,ɬík̓ʷn̓
816,ɬíɬəl
817,ɬíŋəs
818,ɬíŋəst
819,ɬíŋəstxʷ
820,ɬíx̣ʷəm
821,ɬíx̣ʷəŋ
822,ɬəc̓
823,ɬəc̓tn̓
824,ɬəc̓ət
825,ɬəč̓élʔs
826,ɬəkʷetəŋ
827,ɬəkʷéʔnəq
828,ɬəkʷél̓s
829,ɬəlpəléx̣ən
830,ɬəlíc̓ən
831,ɬəlíc̓əŋ
832,ɬələɬéq̓ət
833,ɬəl̓áx̣ʷtiŋ
834,ɬəɬeʔl
835,ɬəɬéʔkʷ
836,ɬəɬéʔkʷtxʷ
837,ɬəmɬə́mləc̓
838,ɬəmxʷə́ysən
839,ɬəməxʷaʔwəqʷ
840,ɬəm̓éq̓əʔ
841,ɬənk̓ʷelʔs
842,ɬənk̓ʷt
843,ɬənk̓ʷtəs
844,ɬənk̓ʷə́lə
845,ɬəŋʔístxʷ
846,ɬəŋálacin
847,ɬəŋ̓eʔes cən čənəs
848,ɬəŋ̓és ɬŋ'es
849,ɬəq̓əl̓č̓
850,ɬət̓áq̓ʷəŋ
851,ɬət̓íʔq̓əŋ
852,ɬət̓əmən
853,ɬəxʷəɬšéʔ
854,ɬə́ltən
855,ɬə́ləs
856,ɬə́l̓x̣ʷ (may be ɬəl̓əx̣ʷ)
857,ɬə́l̓x̣ʷtxʷ
858,ɬə́l̓əx̣ʷtəŋ
859,ɬə́mʔc̓əŋ
860,ɬə́məxʷ
861,ɬə́məxʷ
862,ɬə́nk̓ʷəl
863,ɬə́nək̓ʷət
864,ɬə́nək̓ʷətəŋ
865,ɬə́n̓k̓ʷtəxʷ
866,ɬə́ptən
867,ɬə́pəs
868,ɬə́xʷəɬšeʔ ʔiʔ kʷ čəsə
869,ɬə́xʷəɬšeʔ ʔiʔ kʷ ɬixʷ
870,ɬə́xʷəɬšeʔ ʔiʔ kʷ ɬq̓ečəs
871,ɬə́xʷəɬšeʔ ʔiʔ kʷ nəc̓ə
872,ɬə́xʷəɬšeʔ ʔiʔ kʷ ŋəs
873,ɬə́xʷəɬšeʔ ʔiʔ kʷ tesʔəs
874,ɬə́xʷəɬšeʔ ʔiʔ kʷ təkʷəwxʷ
875,ɬə́xʷəɬšeʔ ʔiʔ kʷ t̓xəŋ
876,ɬə́xʷəɬšéʔ ʔiʔ kʷ c̓akʷəs
877,ɬ́c̓ítəs
878,ƛ̓aʔət
879,ƛ̓alnəč čiyə́wən
880,ƛ̓al̓nəč čyəwən
881,ƛ̓amtxʷ
882,ƛ̓am̓
883,ƛ̓am̓
884,ƛ̓čeqəŋ
885,ƛ̓čes
886,ƛ̓číləŋ
887,ƛ̓číqən
888,ƛ̓eʔ
889,ƛ̓eʔéšən
890,ƛ̓ec
891,ƛ̓eca
892,ƛ̓eč̓íʔtəŋ
893,ƛ̓en
894,ƛ̓eqt láʔsən
895,ƛ̓eqt ɬqelč
896,ƛ̓es
897,ƛ̓ew̓
898,ƛ̓eyəq̓əs
899,ƛ̓ikʷeʔnəŋ
900,ƛ̓iƛíw̓
901,ƛ̓leʔt
902,ƛ̓léʔəŋ
903,ƛ̓ƛ̓čes
904,ƛ̓píxəŋ
905,ƛ̓pə́x̣t
906,ƛ̓šíqʷ
907,ƛ̓šə́nəp
908,ƛ̓xʷist
909,ƛ̓xʷíʔqʷən
910,ƛ̓xʷəlíqʷəŋ
911,ƛ̓xʷə́təŋ
912,ƛ̓ák̓ʷəɬ
913,ƛ̓áƛ̓əm̓stəxʷ
914,ƛ̓ápas
915,ƛ̓éʔ kʷɬqəlét skʷéčəl
916,ƛ̓éʔp̓ət
917,ƛ̓éʔsəŋ
918,ƛ̓éčəɬ
919,ƛ̓éčəɬ ƛ̓əč
920,ƛ̓ék̓ʷəx̣ən
921,ƛ̓él̓əč̓
922,ƛ̓éɬəŋ
923,ƛ̓éɬəŋ qʷaʔ
924,ƛ̓éšən
925,ƛ̓éw̓əq
926,ƛ̓íʔkʷəs
927,ƛ̓íč̓ət
928,ƛ̓əcéčən
929,ƛ̓əč
930,ƛ̓əč
931,ƛ̓əčqénəŋ; ƛ̓əčqəniŋ
932,ƛ̓əč̓elʔs
933,ƛ̓ək̓ʷ
934,ƛ̓əlƛ̓ə́q̓ʷ
935,ƛ̓əléy̓
936,ƛ̓əƛ̓ay̓əč̓ siʔétən
937,ƛ̓əƛ̓áy̓əč
938,ƛ̓əƛ̓éčəs
939,ƛ̓əƛ̓éyəqəs
940,ƛ̓əƛ̓əléy̓
941,ƛ̓əməléčəŋ
942,ƛ̓ənqʔéw̓txʷ
943,ƛ̓əníqsən (?)
944,ƛ̓əqt
945,ƛ̓əqt siʔétn̓
946,ƛ̓əqtéʔɬ
947,ƛ̓əqʷə́y
948,ƛ̓əxʷ
949,ƛ̓ə́nəq
950,ƛ̓ə́qtənəč
951,ƛ̓ə́q̓ʷƛ̓əq̓ʷ
952,ƛ̓ə́x̣ʷƛ̓əx̣ʷ
953,ƛ̓ə́ẃƛ̓ə
954,ƛ̓ə̕q̓ʷíw̓səŋ̕
955,masn
956,meʔ
957,men
958,miléləm
959,miléləm stə́nʔəq
960,min̓tuqʷ
961,mit
962,musməsáləɬ
963,máʔəqʷ
964,máwəč
965,méʔkʷəɬ
966,méʔləx̣əɬ
967,méʔmən
968,mék̓ʷə
969,méləq
970,mém̓əl̓šən; məm̓él̓šən
971,ménɬtə
972,míʔmən
973,míc̓ət
974,míɬə
975,míɬəʔéw̓txʷ
976,míqən
977,músməs
978,məháy̓
979,mək̓ʷ
980,mək̓ʷ nəníɬiyə
981,mək̓ʷ skʷéčəl
982,mək̓ʷ stéŋ
983,mək̓ʷeyéč̓t
984,mək̓ʷé (mək̓ʷey)
985,mək̓ʷəʔí́ŋəɬ
986,mək̓ʷəqs
987,məliyétəl
988,mələ̓ʔqʷ
989,məl̓č̓əsət
990,məƛ̓ásət
991,məƛ̓él
992,məƛ̓̓ásət; mat̓əset
993,məmə́wəč
994,mənmántəqʷ
995,məqeyə
996,məq̓
997,məq̓áʔas
998,məskʷíʔəm
999,məsə́t
1000,mətúliyeʔ
1001,məx̣ʷey̓éʔ
1002,mə́k̓ʷəŋ
1003,mə́k̓ʷət
1004,mə́w̓lə
1005,naŋət
1006,napás
1007,nas
1008,neʔt
1009,neʔts
1010,neʔ; niʔ
1011,neʔétəŋ
1012,neč̓
1013,neč̓áləs
1014,niɬ
1015,niɬ sen
1016,niɬ səw̓ʔitət
1017,niɬ səw̓x̣ʷaŋs
1018,niɬ səw̓yéʔs čiʔétəɬ
1019,niɬʔəw̓
1020,nuxʷkʷic̓ec̓uŋ
1021,náʔləs
1022,náʔsət
1023,nác̓əʔ
1024,néʔsət
1025,néʔtəŋ
1026,néʔət
1027,néʔətəs
1028,néč̓əw̓əč
1029,néč̓təŋ
1030,níʔkʷə
1031,níq̓ʷəm
1032,nəc̓eʔəw̓ŋəxʷ
1033,nəc̓élŋəxʷ
1034,nəc̓éw̓txʷ
1035,nəc̓éxʷ
1036,nəc̓əmáat
1037,nəc̓ə́ʔw̓txʷəŋ
1038,nəčnáŋət
1039,nəčə́t
1040,nəč̓sát
1041,nəč̓əɬtxʷ
1042,nəhémət
1043,nəkʷnáŋət
1044,nəkʷásəŋət
1045,nəkʷíʔliyeʔ
1046,nəkʷím; nəkʷəy
1047,nəkʷí́m
1048,nəlec̓ʔéw̓txʷ
1049,nələnə́yəŋ
1050,nəɬnékʷəl
1051,nəɬə́sət
1052,nəmén; kʷə nəmén
1053,nəmétəŋ
1054,nəniʔ unverified spelling
1055,nənə́yəŋ
1056,nən̓ ʔəw̓
1057,nəqsƛ̓éyəm
1058,nəqʷé
1059,nəq̓íx̣
1060,nəq̓íx̣ péq̓ʷəŋ
1061,nəskʷéʔ
1062,nəsɬéniʔ
1063,nəsƛ̓iʔ
1064,nəsƛ̓l̓éməxʷ
1065,nəsqʷáləs
1066,nəsə́qʷ
1067,nəšxʷʔəláq̓ʷəʔ
1068,nəšíʔqʷ
1069,nəšíʔqʷəŋ
1070,nətén
1071,nəwʔiləŋ
1072,nəxʷq̓əkʷelʔs
1073,nəxʷsq̓ʷeyéləš
1074,nəxʷsəŋét
1075,nəxʷík̓ʷ
1076,nəyə́čət
1077,nə-
1078,nə-
1079,nə́c̓əɬ
1080,nə́čəŋ
1081,nə́kʷə
1082,nə́kʷəl
1083,nə́qəŋ
1084,nə́wʔəs
1085,nə́w̓nəč
1086,n̓céʔnəkʷ
1087,ŋaq̓nəxʷ
1088,ŋat
1089,ŋékʷət
1090,ŋéqeʔ
1091,ŋíʔet
1092,ŋíq̓ət
1093,ŋəʔk̓ʷeʔit
1094,ŋəʔk̓ʷəsát
1095,ŋəkʷsə́ŋət
1096,ŋəkʷsə́ŋətxʷ
1097,ŋənŋə́nə
1098,ŋənəyéč̓
1099,ŋən̓
1100,ŋən̓ stəlqéyeʔ
1101,ŋəs
1102,ŋəs néč̓əwʔəč̓
1103,ŋəsɬšé
1104,ŋəsɬšé ʔiʔ kʷ nəc̓ə
1105,ŋəsnʔ
1106,ŋəsŋəsélə
1107,ŋəsélŋəxʷ
1108,ŋəsélə
1109,ŋəséləŋəxʷ
1110,ŋəséɬ
1111,ŋə́nə
1112,ŋə́ŋəqsən
1113,ŋə́qsən
1114,pəw̓́yəkʷ
1115,piʔkʷəŋ
1116,piš
1117,pit̓šən
1118,pqʷáčən
1119,pq̓aal̓s
1120,pq̓áləs
1121,psnákʷən
1122,pšay̓
1123,pšásəŋ
1124,pxʷatəŋ
1125,pxʷelʔs
1126,pxʷəlaʔ
1127,puk
1128,páwən
1129,páxʷn̓
1130,páxʷət
1131,péyə
1132,píʔkʷən
1133,pínt
1134,pípə
1135,píš
1136,píšpəš
1137,píxʷpəxʷ
1138,pəláxʷəŋ
1139,pəl̓qʷíc̓əŋ; pəl̓qʷic̓atəŋ
1140,pənʔpə́wnxʷ
1141,pəpéc̓iŋ
1142,pəq ləpláš
1143,pəq̓
1144,pəq̓lénəxʷ
1145,pə́k̓ʷəŋ
1146,pə́xʷmən
1147,p̓aaŋ; p̓əʔáŋ
1148,p̓aweʔ
1149,p̓esn
1150,p̓iləŋ
1151,p̓kʷáčən
1152,p̓p̓aaʔəŋ
1153,p̓qʷə́čən
1154,p̓áʔc̓əs
1155,p̓ákʷəčən
1156,p̓əkʷ
1157,p̓əlác̓əs
1158,p̓əláƛ̓əŋ
1159,p̓əɬ
1160,p̓ənʔéʔləx̣əc̓
1161,p̓əqáynəŋ
1162,p̓əséč̓
1163,p̓əwtʔew̓txʷ
1164,p̓əwyéləp
1165,p̓ə́wiʔ
1166,qeʔŋiʔal̓əɬ
1167,qəw̓ə́čən
1168,qin̓
1169,qiq̓
1170,qiyaʔt
1171,qp̓eyeɬ
1172,qp̓ásəŋ
1173,qsət
1174,qsə́sət
1175,qállə
1176,qáməŋ̓iɬč
1177,qáx̣ələŋ
1178,qéʔyəs
1179,qéʔələč̓s
1180,qéləč̓
1181,qéləč̓ət
1182,qén̓qən
1183,qéqən
1184,qíləs sxʷíʔem
1185,qəl
1186,qəlʔqə́lʔəl
1187,qəlqəlp̓ə́s
1188,qəlqəlí’mə
1189,qəlqə́s
1190,qəláʔs
1191,qəláx̣
1192,qəléʔqən
1193,qələq̓élʔs
1194,qəl̓qəl̓ásən
1195,qəl̓ét
1196,qəmʔqəməʔ
1197,qəméneʔ
1198,qəmə́ʔstxʷ
1199,qəqay̓ə́qən
1200,qəqiʔéʔ
1201,qəqəl̓ém̓
1202,qəq̓élʔs
1203,qəwq̓ʷtén
1204,qə́čəqs
1205,qə́ləs
1206,qə́ləx̣
1207,qə́ləx̣s
1208,qə́l̓
1209,qə́l̓əŋ
1210,qə́məʔ
1211,qə́p̓əsnəs
1212,qʷaʔ
1213,qʷaʔəŋ
1214,qʷap̓əʔəxʷ
1215,qʷelstxʷ
1216,qʷel̓
1217,qʷel̓s
1218,qʷel̓stxʷ
1219,qʷiʔstem̓əxʷ
1220,qʷinekʷəs
1221,qʷix̣ʷət
1222,qʷɬaʔ
1223,qʷɬeyʔ
1224,qʷɬáʔəl
1225,qʷɬéyšən
1226,qʷntá'ləs
1227,qʷtál qʷaʔ
1228,qʷx̣ʷáʔləw̓šən
1229,qʷáʔap
1230,qʷáʔpəɬč
1231,qʷáʔqʷəʔ
1232,qʷáʔqʷəʔqʷəʔ
1233,qʷákʷət
1234,qʷámičən
1235,qʷáƛqʷaʔ
1236,qʷéʔen
1237,qʷélqʷəl
1238,qʷél̓qʷel̓ŋítəŋ
1239,qʷél̓stəŋ
1240,qʷénəs
1241,qʷíqʷməs
1242,qʷəʔex̣ʷiyəč
1243,qʷəlnəkʷəltxʷ
1244,qʷəléʔəl
1245,qʷəlíʔməltxʷ
1246,qʷəl̓ŋítəŋ
1247,qʷəɬáʔalʔ
1248,qʷənqʷəní
1249,qʷəní
1250,qʷən̓tiʔiɬ
1251,qʷən̓tís
1252,qʷəqʷél̓
1253,qʷəqʷəlnə́kʷəl
1254,qʷəqʷəyíɬč (qʷaʔqʷəʔíɬč)
1255,qʷə́ləstxʷ
1256,qʷə́l̓əs
1257,qʷə́mʔx̣ʷšən
1258,qʷə́mc̓əléx̣ən
1259,qʷə́ŋəs
1260,qʷə́qʷəl
1261,qʷə́qʷəl̓
1262,q̓awtít̓təŋ
1263,q̓ayəʔič
1264,q̓c̓ə́ʔkʷən
1265,q̓ek̓ʷs unverified spelling
1266,q̓eq̓aw̓
1267,q̓eyáƛ̓ən
1268,q̓kʷí’təŋ
1269,q̓pət
1270,q̓pə́sət
1271,q̓tast
1272,q̓xʷə́w̓ɬ
1273,q̓x̣ə́lə
1274,q̓áʔwəm
1275,q̓áp̓ətəxʷ
1276,q̓áwət
1277,q̓éʔləŋiʔ
1278,q̓éʔŋiʔ
1279,q̓ép̓ət
1280,q̓éq̓əƛ̓
1281,q̓ét̓əŋ
1282,q̓éwət
1283,q̓ík̓ʷət
1284,q̓ít̓əʔ
1285,q̓ə
1286,q̓ək̓ʷísət
1287,q̓ək̓ʷítəs
1288,q̓əlʔ ŋənʔ
1289,q̓əlač̓ən
1290,q̓əlɬánəməčən
1291,q̓əláʔəŋ
1292,q̓əlép̓ətəs
1293,q̓əm̓ásəŋ
1294,q̓əp
1295,q̓əp'ənʔéʔtən
1296,q̓əq̓éʔnəɬ
1297,q̓əq̓ékʷə
1298,q̓əq̓éƛ̓
1299,q̓əq̓éyʔ
1300,q̓əq̓əsčín
1301,q̓əs
1302,q̓əx̣mín
1303,q̓əx̣q̓əx̣
1304,q̓əyéʔmən
1305,q̓ə́c̓əɬč
1306,q̓ə́č̓iʔ
1307,q̓ə́kʷə
1308,q̓ə́lʔq̓ətəs
1309,q̓ə́ləŋ
1310,q̓ə́məʔtəŋ
1311,q̓ə́m̓təs
1312,q̓ə́tkʷsət
1313,q̓ʷaʔ
1314,q̓ʷaʔšə́n
1315,q̓ʷaʔšə́nətəŋ
1316,q̓ʷax̣ʷəɬč
1317,q̓ʷay
1318,q̓ʷčatəs
1319,q̓ʷčásət
1320,q̓ʷčátəŋ
1321,q̓ʷčátəs
1322,q̓ʷčíŋəɬ
1323,q̓ʷes
1324,q̓ʷeymən̓
1325,q̓ʷeyéləš
1326,q̓ʷiŋs
1327,q̓ʷiŋələ
1328,q̓ʷiŋələʔ
1329,q̓ʷx̣ʷáʔləw̓čəs
1330,q̓ʷáʔq̓ʷe
1331,q̓ʷáʔət
1332,q̓ʷáʔətəŋ
1333,q̓ʷáčət
1334,q̓ʷéʔələx̣
1335,q̓ʷéč̓ət̓
1336,q̓ʷéyən
1337,q̓ʷíŋ
1338,q̓ʷíŋət
1339,q̓ʷəcəŋ
1340,q̓ʷəlx̣ʷaʔlə́w̓čəs
1341,q̓ʷəlxéʔst
1342,q̓ʷəlxéʔstxʷ
1343,q̓ʷəlxéʔstəŋ
1344,q̓ʷəmiʔéqn̓
1345,q̓ʷənéʔem
1346,q̓ʷəp̓
1347,q̓ʷəq̓ʷənə́kʷəl
1348,q̓ʷə́lən
1349,q̓ʷə́ləŋ
1350,q̓ʷə́ləs
1351,q̓ʷə́lət
1352,sʔist
1353,sʔistxʷ
1354,sʔáɬqaʔ
1355,sʔámənaʔ
1356,sʔásəs
1357,sʔáx̣ʷə
1358,sʔéləxʷ
1359,sʔíc̓əŋ
1360,sʔíčəŋəɬ
1361,sʔíləqsən
1362,sʔíɬən
1363,sʔítətəlkʷət
1364,sʔəlʔéləxʷ
1365,sʔəlen̓
1366,sʔəléʔnəŋ
1367,sʔəléʔnəxʷ
1368,sʔəɬtélŋəxʷ
1369,sʔəɬtənəŋ
1370,sʔə́nsəč
1371,saʔsyəməʔ
1372,saʔəkʷ
1373,saaɬ
1374,saŋ
1375,saŋt
1376,sasəyəm
1377,sayəmən
1378,scɬácən
1379,sc̓aləm̓
1380,sc̓am̓
1381,sc̓aq̓ʷ
1382,sc̓a̓ɬə
1383,sc̓əw̓éčəŋ
1384,sc̓kʷaʔíw̓šən
1385,sc̓kʷeʔíw̓s
1386,sc̓sn̓áʔəŋ
1387,sc̓áʔc̓ɬə
1388,sc̓ám̓əqʷ
1389,sc̓áŋəs
1390,sc̓éʔəw̓txʷ
1391,sc̓éʔqn
1392,sc̓əstesəs / sc̓astə́səs
1393,sčaɬ
1394,sčen
1395,sčen ʔəw̓ ʔay̓
1396,sčey̓
1397,sčiyáyə
1398,sčáʔtx̣
1399,sčáɬəɬp
1400,sčéʔi
1401,sčéʔi
1402,sčéʔləʔčə
1403,sčéʔyən̓
1404,sčéen̓əxʷ; sčiénəxʷ
1405,sčéq̓
1406,sčét̓xʷən
1407,sčéy
1408,sčíčnəɬ
1409,sčəčə
1410,sčəlʔénəŋ
1411,sčəleŋən
1412,sčəlkʷɬnét
1413,sčəléʔi
1414,sčəléʔnəŋ
1415,sčəléʔə
1416,sčəɬ
1417,sčənčéenəxʷ
1418,sčənéen̓xʷ sčənín̓xʷ
1419,sčəníŋəɬ
1420,sčəŋə́nŋəs
1421,sčəqʷə́w̓sə
1422,sčəwʔét
1423,sčəx̣ ɬqélč̓
1424,sčə́ŋəs
1425,sčə́s
1426,sčə́saqʷ
1427,sčə́səʔqʷs
1428,sč̓álsən
1429,sč̓áyʔə; sč̓éyʔə
1430,sč̓áyəq
1431,sč̓é'yən
1432,sč̓ílixʷ
1433,sč̓əmásən
1434,sč̓əm̓ínəs
1435,sč̓ət
1436,sč̓ətəŋ
1437,seʔnəxʷ
1438,seʔqʷíŋəɬ
1439,sen
1440,seqt
1441,seqt
1442,sets
1443,sewt
1444,sex̣əŋ
1445,sex̣ət
1446,seyeláʔqʷəŋ
1447,səw̓
1448,səw̓ay̓qeʔ
1449,səw̓níɬ
1450,səw̓nəníɬiyeʔ
1451,səw̓- (so'- )
1452,shləqʷəʔélə
1453,sháčkʷəs
1454,shéʔek̓ʷ
1455,shíʔələkʷ
1456,shəlí
1457,siʔaʔləm̓iw̓s
1458,siʔaʔləm̓iw̓šən
1459,siʔiʔemʔ
1460,siʔqʷ
1461,siʔsəɬ sŋénət
1462,siʔx̣íŋəɬ
1463,siʔx̣ə́ləqən
1464,siʔxə́laqən
1465,siʔélkʷ
1466,siʔétən
1467,siiʔém̓
1468,sil
1469,silʔéw̓txʷ
1470,sil̓ə
1471,siɬəŋ
1472,Sinúpən
1473,six̣ʷəŋ
1474,siyəw̓ínʔ
1475,siyásəŋ
1476,siyéʔsəw
1477,siyéʔtən
1478,siyé'yeʔ
1479,siyə́xčə
1480,skʷeʔ
1481,skʷeq̓əŋ
1482,skʷináŋət
1483,skʷáʔnəŋəs
1484,skʷáymə
1485,skʷéʔɬtə
1486,skʷéʔəxʷ
1487,skʷéləkʷəsyxʷ
1488,skʷéq̓əŋ təŋəxʷ
1489,skʷésət
1490,skʷéyšən
1491,skʷéyəc̓
1492,skʷəhán̓ə
1493,skʷəhán̓ə
1494,skʷə́lkʷəls
1495,skʷə́nəxʷ
1496,sk̓ʷəw̓əy̓kʷ; xʷiʔləŋ
1497,sk̓ʷɬeʔiʔ
1498,sk̓ʷqʷəm
1499,sk̓ʷtáʔ
1500,sk̓ʷátəŋ
1501,sk̓ʷátəs
1502,sk̓ʷék̓ʷiʔ
1503,sk̓ʷéyəs
1504,sk̓ʷíc̓iʔ
1505,sk̓ʷəʔ́t
1506,sk̓ʷək̓ʷíyəs
1507,sk̓ʷələ́wk̓ʷətəʔ
1508,sk̓ʷəs
1509,sk̓ʷəwk̓ʷətəʔ
1510,sk̓ʷə́t
1511,slaƛ̓
1512,slec̓əɬ ɬqelč̓
1513,sləw̓əq
1514,sláləč
1515,sléʔeƛ̓
1516,sléʔləɬ
1517,sléc̓əɬ
1518,slélətxʷ
1519,slíʔqʷəl
1520,sləxʷéʔɬ
1521,sləx̣él
1522,slə́wiʔ
1523,sɬa
1524,sɬatxʷ
1525,sɬc̓íŋən
1526,sɬeni ləpəlit
1527,sɬeni nəsʔeʔč̓n; sʔéʔč̓n̓
1528,sɬeni spéʔes
1529,sɬeni šxʷáʔq̓ʷaʔ; sɬeni šeyəɬ
1530,sɬeniʔ silə
1531,sɬeélt
1532,sɬic̓
1533,sɬiŋ
1534,sɬixʷs
1535,sɬn̓ɬéni
1536,sɬq̓éčəs
1537,sɬáʔŋət
1538,sɬáləč
1539,sɬáləč
1540,sɬáɬəp̓
1541,sɬáɬəq̓ʷ
1542,sɬátxʷ
1543,sɬátxʷəxʷ
1544,sɬéni
1545,sɬéniʔlə
1546,sɬéwən
1547,sɬéwən
1548,sɬíŋəstəŋ
1549,sɬəlp̓éləx̣ən
1550,sɬələx̣ʷ
1551,sɬəmxʷálkʷət
1552,sɬənɬənəčáləɬ
1553,sɬənəčaʔləɬ
1554,sɬənəčáləɬ
1555,sɬəŋəw
1556,sɬəqʷ
1557,sɬəqʷt
1558,sɬə́ləxʷ
1559,sɬə́məxʷ
1560,sɬə́m̓c̓əŋ
1561,sɬə́ŋiʔ
1562,sƛ̓časn
1563,sƛ̓eʔéšən
1564,sƛ̓láʔəm̓
1565,sƛ̓léʔƛ̓lət (?)
1566,sƛ̓pélqən
1567,sƛ̓áwən
1568,sƛ̓éʔlə
1569,sƛ̓éləqəm
1570,sƛ̓éƛ̓əɬ
1571,sƛ̓éqšən
1572,sƛ̓íʔɬtə
1573,sƛ̓íƛ̓qəɬ
1574,sƛ̓íƛ̓əč̓
1575,sƛ̓íƛ̓əƛ̓qəɬ
1576,sƛ̓əlíƛ̓qəɬ
1577,sƛ̓əƛ̓íʔləqəm
1578,sƛ̓əpíʔnəč
1579,sƛ̓əšə́nəp
1580,sƛ̓ə́mək̓ʷ
1581,sƛ̓ə́nəq
1582,sƛ̓ə́w̓ƛ̓əm x̣ʷənéŋ
1583,sƛ̓ə́xʷ
1584,smánəč
1585,smáyəs; máwəč
1586,sméʔkʷəɬ
1587,sméc̓ən
1588,sménəš
1589,smíɬə
1590,smək̓ʷeyič̓
1591,sməl̓š
1592,sməƛ̓
1593,sməméc̓ənʔ
1594,smə́c̓qən
1595,smə́q̓ʷə
1596,snas
1597,snet
1598,snəw̓náw̓əs
1599,snéʔ
1600,snəč̓íwiʔəɬ
1601,snəmén
1602,snəmétəŋ
1603,snənéyməxʷ
1604,snəníxʷəɬ
1605,snəsnáləməxʷ
1606,snə́xʷəɬ
1607,snə́x̣šən
1608,sn̓; sən
1609,sŋas
1610,sŋeʔtxʷ
1611,sŋéʔtxʷən
1612,sŋénət
1613,sŋéqəʔ
1614,sŋəlénət
1615,sŋənŋénət
1616,spča
1617,speʔesáləɬ
1618,speʔxʷ
1619,spk̓ʷəŋ
1620,spxʷə́lə
1621,spásəŋ
1622,spéʔes
1623,spək̓ʷ
1624,spəlčáʔ
1625,spəlásəŋ
1626,spəl̓qʷíc̓əʔ
1627,spəɬx̣n̓
1628,spəpáčə
1629,spəxʷ
1630,spəxʷ
1631,spə́k̓ʷ
1632,spə́k̓ʷ səplíl
1633,spə́lʔxʷəŋ
1634,spə́pəlqʷíc̓əʔ (spəlqʷic̓əʔ ?)
1635,sp̓áƛ̓əŋ
1636,sp̓áq̓ʷəŋ
1637,sp̓ələkʷtən
1638,sqeʔqəq
1639,sqex̣éʔ
1640,sqexeʔáləɬ
1641,sqséq
1642,sqsíkʷəs
1643,sqáčəʔ
1644,sqáləm
1645,sqáqətiʔ
1646,sqátiʔ
1647,sqéʔmək̓ʷ
1648,sqéʔəqs
1649,sqéləx̣
1650,sqéŋət
1651,sqétəw̓
1652,sqéwəs (sqews)
1653,sqíləŋ
1654,sqíqəq̓
1655,sqəle̓ʔqəq
1656,sqəlqéləlŋəxʷ
1657,sqəlélŋəxʷ
1658,sqəlémək̓ʷ
1659,sqəléx̣eʔ
1660,sqələqáwəs
1661,sqələqəwəsáləɬ
1662,sqəl̓qəl̓ásən
1663,sqəl̓éw̓
1664,sqəŋínəs
1665,sqəqexeʔ
1666,sqəqəwesáləɬ
1667,sqəqəwés
1668,sqəyəx̣qéʔnəŋ
1669,sqə́məʔ
1670,sqʷel
1671,sqʷel̓
1672,sqʷinəyəsən
1673,sqʷinə́sən
1674,sqʷáʔməš
1675,sqʷáʔtən; sqʷáʔtn
1676,sqʷámə
1677,sqʷínqʷən
1678,sqʷínəsən
1679,sqʷələ́qʷəm̓x̣
1680,sqʷəmə́yʔəqs
1681,sqʷəqʷə́l̓
1682,sqʷət
1683,sqʷəx̣ʷíx̣ʷət
1684,sqʷəḿx̣ʷ
1685,sq̓iʔs
1686,sq̓lkʷáləs (?)
1687,sq̓téləʔqʷ
1688,sq̓təléqʷ
1689,sq̓áʔəƛ̓ unverified spelling
1690,sq̓ékʷəŋ
1691,sq̓éləʔ
1692,sq̓éq̓əp̓
1693,sq̓ésəɬ
1694,sq̓é'ləʔ
1695,sq̓əlʔíŋ
1696,sq̓əm̓
1697,sq̓əqʷíqʷəm
1698,sq̓əq̓iʔməl̓
1699,sq̓əq̓əp̓
1700,sq̓əy̓əs
1701,sq̓ə́məl̓
1702,sq̓ʷaʔ
1703,sq̓ʷaq̓ʷaʔ
1704,sq̓ʷayq̓ʷiʔ
1705,sq̓ʷes
1706,sq̓ʷeyéləš
1707,sq̓ʷáʔq̓ʷeyʔ
1708,sq̓ʷáʔq̓ʷeyʔ cə qeq
1709,sq̓ʷáʔq̓ʷəɬ
1710,sq̓ʷáʔq̓ʷəp
1711,sq̓ʷáŋəs
1712,sq̓ʷəléʔenʔ
1713,sq̓ʷəlélŋəxʷ
1714,sq̓ʷə́ʔləɬ
1715,sslíqʷəl̓
1716,steŋ ʔáčə
1717,stiqiw̓áləɬ
1718,stiqíw
1719,stiíwət
1720,stqéyeʔ
1721,stqéyəʔelə
1722,stáʔləw̓
1723,stáʔləs
1724,stáʔtələw̓
1725,stáməš
1726,stáŋət
1727,stáq̓ʷəŋ
1728,stélŋəxʷ
1729,stéŋ
1730,stéŋ̓əɬ
1731,stéskʷəɬ
1732,stésəɬ
1733,stékən
1734,stíʔtəm̓əs
1735,stíʔ; stéʔ
1736,stíkʷən
1737,stóp
1738,stəliqí́w
1739,stəlqéyeʔ
1740,stəx̣éqʷ
1741,stəyə́kʷɬ
1742,stə́məč
1743,st̓el
1744,st̓iʔwiʔəɬʔéw̓txʷ
1745,st̓iqəl
1746,st̓áčəw̓əč
1747,st̓áwəɬ; ʔəst̓áwəɬ
1748,st̓éʔc̓ək̓ʷ
1749,st̓éʔt̓əw̓
1750,st̓éʔt̓ən; ʔəst̓ét̓ən
1751,st̓éčəŋ
1752,st̓ékʷə
1753,st̓éqeʔ
1754,st̓éx̣əɬ; ʔəst̓éx̣əɬ
1755,st̓íʔwiʔəɬ
1756,st̓íləm
1757,st̓íləmtəŋ
1758,st̓ət̓éyəq̓
1759,st̓ə́ʔməč
1760,st̓ə́wək̓ʷ
1761,st̓ə́yəmtxʷ
1762,sway̓qeʔ silə
1763,sway̓qəʔal̓əɬ
1764,sway̓qəʔáləɬ
1765,swiw̓ləs
1766,swákʷən
1767,swáy̓qe (nə)šéyəɬ
1768,swáy̓qeʔ
1769,swáy̓qeʔlə
1770,swáy̓qəʔ (ən)šxʷáʔq̓ʷaʔ
1771,swétə
1772,swétəs
1773,swəq̓ʷáʔɬ
1774,sxʷ helə; šxʷ helə
1775,sxʷʔəx̣sénəŋ
1776,sxʷc̓əkʷkʷélə
1777,sxʷčeʔi
1778,sxʷčəkʷx̣ínʔəɬ
1779,sxʷč̓eʔəc̓
1780,sxʷeʔem
1781,sxʷiʔém̓
1782,sxʷk̓ʷət
1783,sxʷk̓ʷə́nələ
1784,sxʷléʔəw̓txʷ
1785,sxʷqʷeltn̓
1786,sxʷq̓əʔx̣elʔs
1787,sxʷq̓ʷáʔkʷəɬ
1788,sxʷq̓ʷáʔləkʷəɬ
1789,sxʷsəŋéʔtn̓
1790,sxʷtihélə
1791,sxʷxʷíʔsət -also- sxʷʔəx̣ʷísət
1792,sxʷx̣əl̓əyásən
1793,sxʷ; šxʷ
1794,sxʷkəw̓kʷíwsət
1795,sxʷáʔmət
1796,sxʷéʔsətən
1797,sxʷéŋxʷəŋ
1798,sxʷéxʷək̓ʷ; sxʷéxʷk̓ʷ
1799,sxʷəkʷəníŋəɬ
1800,sxʷəl̓mást
1801,sxʷənéŋs
1802,sxʷəwxʷék̓ʷtəŋ
1803,sxʷəxʷwáʔəs
1804,sxʷə́ƛ̓qənelə
1805,sxʷə́w̓qən
1806,sx̣ʔséʔe
1807,sx̣ayčísəŋən
1808,sx̣čənə́xʷ
1809,sx̣eʔénxʷ
1810,sx̣eč
1811,sx̣eč kʷit̓šən
1812,sx̣eləm
1813,sx̣iyék̓ʷəs
1814,sx̣nəxʷ
1815,sx̣t̓ək̓ʷ
1816,sx̣áp̓šn
1817,sx̣éʔes
1818,sx̣éʔes ʔal̓
1819,sx̣éʔes skʷéčəl
1820,sx̣élqəm
1821,sx̣éləx̣
1822,sx̣éɬəɬ
1823,sx̣ələʔénxʷ
1824,sx̣əɬ
1825,sx̣əɬʔéyəw̓'txʷ
1826,sx̣ət̓k̓ʷíŋəɬ
1827,sx̣ə́ləlaʔ
1828,sx̣ə́nx̣ínəʔ
1829,sx̣ə́nx̣ənəʔ
1830,sx̣ə́nə
1831,sx̣ə́t
1832,sx̣ə́təlxʷ
1833,sx̣ə́t̓k̓ʷəlʔ
1834,sx̣ə́x̣ínəʔ
1835,sx̣ʷaymə́ɬəɬ ; sxʷimeɬəɬ
1836,sx̣ʷesm̓
1837,sx̣ʷáʔlə
1838,sx̣ʷáyx̣ʷe
1839,sx̣ʷésəm
1840,sx̣ʷíʔlx̣ʷələm̓
1841,syəwən
1842,syə́wə
1843,skukʷəlstə́nəq
1844,skulʔéw̓txʷ
1845,skúkʷəl
1846,skúkʷəlstəŋ
1847,sxáləməs
1848,sxáyxe
1849,sxéls
1850,sáʔyəm
1851,sáʔəkʷ
1852,sáčəkʷəs
1853,sákʷələ
1854,sák̓ʷəŋ
1855,sák̓ʷət
1856,sálʔləs
1857,sántəspliʔ
1858,sáŋən
1859,sáqʷəŋ
1860,sásən
1861,sátəč
1862,séʔkʷəq
1863,séʔŋəč
1864,séʔsəwʔ
1865,séʔwən
1866,séʔwənəxʷ
1867,séʔət
1868,séčəŋ
1869,sélʔs
1870,séləs
1871,séləxʷsəxʷ
1872,séqəɬ
1873,sésčən
1874,sétəŋ
1875,sétəŋɬtə
1876,séxʷ
1877,séxʷsəxʷ
1878,séyʔsi
1879,séynəč
1880,séy̓əq̓
1881,síʔčenəŋ
1882,síʔeq
1883,síʔsə
1884,síʔsəɬ siʔém̓
1885,síʔə
1886,síkʷt
1887,síləč
1888,síɬəs
1889,sísəɬ
1890,sísəɬ sŋenət
1891,sítən
1892,sítətəlkʷət
1893,sƛíʔ
1894,sƛ’áƛ’əm’
1895,sə
1896,səʔ
1897,səʔéčən
1898,səʔít
1899,səlaaɬ
1900,səliyásəŋ
1901,səlqíləŋ
1902,səlsíʔlə
1903,səlsəléʔləɬ
1904,səlsə́xʷ
1905,səléwəʔ
1906,səlíqʷəlʔ
1907,sələsíɬəŋ
1908,sələ́q̓ʷtəɬ
1909,səl̓
1910,səl̓səl̓tən̓
1911,səmán̓ə
1912,səmíʔ
1913,səmíʔ
1914,sənƛ̓əw̓áyʔɬ
1915,sənsənkʷtəl
1916,səntí
1917,sənəɬqeʔ
1918,sən̓ƛ̓áʔləw̓čəs
1919,sən̓ƛ̓áʔləw̓š̌ən
1920,səŋséŋ
1921,səŋéʔtən
1922,səŋənétʔs
1923,səŋətís
1924,səplíl
1925,səqʔíw̓s
1926,səqéʔ
1927,səstənáʔič
1928,səséw̓ttəŋs
1929,səsíʔmiʔ
1930,səsíɬəŋ
1931,səsəʔéčən
1932,səsə́miʔ
1933,sətx̣
1934,səwéʔ
1935,səx̣s
1936,səyéčn̓
1937,sə́ʔsəwqtʔaʔləw̓šən
1938,sə́ʔsəwqtʔáləw̓čəs
1939,sə́čəŋ
1940,sə́ləq̓təŋ
1941,sə́míxʷ
1942,sə́məxʷ
1943,sə́nsən
1944,sə́w̓qəŋ
1945,šapt; šapəs
1946,šc̓əlélə
1947,ščníŋəɬ
1948,ščéʔtənəč
1949,ščəc̓éʔen̓
1950,ščəmélə
1951,ščəŋelə
1952,šč̓aaɬ
1953,šč̓íqʷət
1954,šč̓ítəŋ
1955,šes
1956,šešm̓
1957,šiyéləmčəs
1958,škʷic̓áləs
1959,škʷíšən
1960,škʷíšəŋ
1961,škʷəkáyqalθ
1962,šk̓ʷəw̓əlíqʷ
1963,šk̓ʷənásəŋ
1964,šléʔəs
1965,šləmélə
1966,šɬíx̣əs
1967,šƛ̓číkʷən
1968,šƛ̓eʔləm̓
1969,šƛ̓píʔwən
1970,šƛ̓xʷásən
1971,šƛ̓əšə́nəp
1972,šmək̓ʷélə
1973,šmə́t̓əqsən
1974,šnəw̓íkʷən
1975,šnáwəs
1976,šnéʔəm
1977,špiʔšt
1978,špxʷəŋ
1979,špáləs
1980,špáləst
1981,špáƛ̓əmélə
1982,šqanxʷelə
1983,šqáʔəs
1984,šqéʔelʔəč̓
1985,šqéləč̓
1986,šqéləč̓əs
1987,šqítəs
1988,šqət
1989,šqə́təŋ
1990,šqʷn̓ə; šqʷən̓ə
1991,šqʷéləkʷəns
1992,šqʷél̓ŋət
1993,šqʷíʔqʷelʔ
1994,šqʷəl̓s
1995,šqʷə́l̓tən
1996,šq̓épəm
1997,šséʔnəc̓
1998,šsə́qʷəɬ
1999,štihélə
2000,štíŋəstxʷəs
2001,štəla̓ləs
2002,štəlélə
2003,štəmkʷəs
2004,štən̓níʔ
2005,štəŋ
2006,štəŋ̓íʔstxʷ
2007,št̓éʔət
2008,šxʷʔaq̓ʷəʔ
2009,šxʷʔax̣ʷ
2010,šxʷʔiŋəs
2011,šxʷʔiyəmə́w̓stən
2012,šxʷʔálə
2013,šxʷʔáləq̓ʷəʔ
2014,šxʷʔáqʷəɬ
2015,šxʷʔéləɬ
2016,šxʷʔéləxʷ
2017,šxʷəw̓al̓čəs
2018,šxʷléʔə
2019,šxʷqéʔəlʔəč̓
2020,šxʷq̓ʷáčət
2021,šxʷsčéʔčeʔ
2022,šxʷsəléwəʔ
2023,šxʷt̓íləm
2024,šxʷwéli
2025,šxʷx̣čiʔtəs
2026,šxʷáʔq̓ʷaʔ
2027,šxʷámətən
2028,šxʷénəʔ
2029,šxʷəlʔálʔčəs
2030,šxʷəláʔq̓ʷaʔ
2031,šxʷəléʔeʔ
2032,šxʷəmáʔtən
2033,šx̣əl̓ələ́
2034,šx̣əɬáləs
2035,šx̣ə́lʔəs ; sxʷx̣ə́lʔəs
2036,šx̣ə́lʔəs; sxʷx̣ə́lʔəs
2037,šx̣ʷiméɬəɬ
2038,šx̣ʷənéŋ
2039,šx̣ʷəníŋəstxʷ
2040,šyəŋət
2041,šk̓ə́wʔəwykʷ snə́xʷəɬ
2042,šápəs
2043,šápət
2044,šéšəm̓
2045,šéyəɬ
2046,šíʔšəč̓
2047,šípən
2048,šúkʷə
2049,šúšukli
2050,šəkʷíšəŋ
2051,šəlʔák̓ʷ
2052,šəl̓šəl̓eŋ
2053,šəmén
2054,šəméntəl
2055,šəqnás
2056,šəšk̓ʷə́m̓
2057,šəšéq̓ən
2058,šəšíyəɬ
2059,šə́ləŋ
2060,šə́məl kʷətəŋ
2061,šə́pəl
2062,šə́qəs
2063,taŋɬ; taŋəɬ
2064,tayət
2065,tčistəŋ
2066,tčéla
2067,tčət
2068,tčə́təŋ
2069,teʔ
2070,tečsŋ̓; əntečsŋ̓
2071,ten
2072,ten ləʔ
2073,teŋən ʔíɬn̓
2074,tey
2075,təw̓
2076,təw̓ siyélkʷ
2077,təw̓ or to'
2078,təw̓lə
2079,təw̓níɬ
2080,təw̓nəkʷíʔliyeʔ
2081,tiʔə
2082,tiʔə ʔéenəkʷ
2083,tiičəmitsə
2084,tkʷísəŋ (?)
2085,tkʷət
2086,tqast
2087,tqʷeʔt
2088,tsas
2089,tsət
2090,tšéqʷtəŋ
2091,tšíʔqʷəŋ
2092,tšəmáyisən
2093,tšə́lʔqən
2094,txʷʔawənə
2095,txʷʔéx̣əŋ
2096,txʷʔíʔwəl̓
2097,txʷʔəslélə
2098,txʷʔəstésəɬ; txʷstesəɬ
2099,txʷčəlél
2100,txʷčəq
2101,txʷčəqʷ
2102,txʷhay
2103,txʷiʔniɬ
2104,txʷkʷɬyeʔ
2105,txʷkʷíl̓
2106,txʷɬew̓
2107,txʷsen
2108,txʷsƛ̓am̓ (?)
2109,txʷsyeʔ
2110,txʷtál̓əy̓
2111,txʷtéŋən
2112,txʷx̣ʷáʔlə
2113,txʷx̣ʷənʔéŋ'
2114,txʷx̣ʷənáʔəsəŋ
2115,txʷx̣ʷə́nsət
2116,txʷéŋsət
2117,txʷəʔay̓
2118,txʷəʔáy̓ ʔal̓
2119,txʷəʔəc̓éŋ
2120,txʷəʔəsq̓ʷəléʔen̓
2121,txʷəʔəsáʔəy̓s
2122,txʷəčéʔi
2123,txʷəkʷənets
2124,txʷənác̓əʔ
2125,txʷəsʔáal̓əɬtxʷ
2126,txʷəsʔə́nəxʷ
2127,txʷəsiʔém̓
2128,txʷəsq̓ʷéq̓ʷəŋ
2129,txʷəsx̣éɬəɬ
2130,txʷə-
2131,tx̣ʷinsət
2132,táal
2133,táyət
2134,téʔq̓eʔ
2135,téʔsəs
2136,téʔsəs néʔč́əʔəw̓ač́
2137,téʔət
2138,téčəl
2139,téčət
2140,tékʷəs
2141,télə
2142,téləqən
2143,téŋən
2144,téŋ̓əɬ
2145,téŋ̓əs
2146,tésəɬ
2147,tétiʔ
2148,téw̓qən
2149,téx̣əŋ
2150,téyʔyəl̓
2151,téytiʔ
2152,tíʔ
2153,tíʔə
2154,títəm̓
2155,tíxʷsəɬ
2156,tə
2157,tə lil̓
2158,təʔiitš
2159,təčnaxʷ
2160,təčt
2161,təčəx̣ʷəléen̓
2162,təkʷelʔs
2163,təkʷéɬ
2164,təkʷəwxʷ
2165,təkʷəwxʷ neʔč̓ ʔəw̓ əč
2166,təkʷəxʷélətxʷ
2167,təltə́kʷs
2168,təlás
2169,təléʔčəl
2170,təlíxʷsəɬ
2171,təməɬíkʷəstəŋ
2172,tənčáʔləqk̓ʷ
2173,tənə́qsən
2174,təq
2175,təqʷ
2176,təs
2177,təše'lqən
2178,tətcalŋəxʷ
2179,tətél̓šən
2180,tətéŋən̓; yeʔ təteʔŋən
2181,təwə
2182,təxʷ q̓ilət
2183,təxʷ səʔ ʔal̓
2184,təx̣ʷ
2185,təx̣ʷác̓
2186,tə́ʔsəɬšeʔ
2187,tə́məɬ
2188,tə́m̓əqʷ
2189,tə́ŋəxʷ
2190,tə́qʷteqʷ
2191,tə́qʷtəqʷ
2192,tə́wləʔ
2193,tə́wxʷəɬšeʔ
2194,tə́yəl
2195,tə́ktən
2196,t̓aʔxʷ
2197,t̓ak̓ʷs
2198,t̓amík̓ʷ
2199,t̓at̓əɬəm
2200,t̓čésəs
2201,t̓ek̓ʷɬnéltəŋ
2202,t̓el̓t
2203,t̓eŋəs
2204,t̓iləq̓ʷ
2205,t̓kʷínəs
2206,t̓snaxʷ
2207,t̓sə́t
2208,t̓sə́tsən kʷə
2209,t̓sə́təŋ
2210,t̓sə́təstxʷ
2211,t̓x̣əŋ
2212,t̓x̣əŋe̓lətxʷ
2213,t̓x̣əŋs neʔč̓ ʔəw̓ əč̓
2214,t̓x̣ə́məɬšeʔ
2215,t̓álʔŋixʷtəŋ
2216,t̓áyəmtəxʷ
2217,t̓áyəm̓t
2218,t̓éʔesət
2219,t̓éʔət
2220,t̓éčəq̓
2221,t̓ékʷəl
2222,t̓éləw̓
2223,t̓émək̓ʷ
2224,t̓éŋəs
2225,t̓éqeʔ
2226,t̓éq̓eʔ
2227,t̓ét̓ən
2228,t̓íləm
2229,t̓ít̓ələmstəxʷ
2230,t̓ít̓ələm̓
2231,t̓ít̓ələm̓əxʷ
2232,t̓íw̓iʔəɬ; t̓íʔwy̓əɬ
2233,t̓ək̓ʷem
2234,t̓ək̓ʷéstəs
2235,t̓ək̓ʷístəŋ
2236,t̓əlʔəsín
2237,t̓əlŋíxʷt
2238,t̓əlq̓sélʔs
2239,t̓əlt̓éləw̓
2240,t̓əlt̓əstəŋs
2241,t̓ənqʷələ
2242,t̓əŋʔsə́nət
2243,t̓əŋ'səwéʔč
2244,t̓əŋáʔəŋ
2245,t̓əŋáʔəŋs
2246,t̓əs
2247,t̓əsnáxʷ
2248,t̓əsnəxʷ
2249,t̓ət̓éyəq̓
2250,t̓ət̓íləm
2251,t̓əxʷq̓ílətŋən
2252,t̓əyəm̓t
2253,t̓əyə́mtəs
2254,t̓ə́ʔməs
2255,t̓ə́ləŋ
2256,t̓ə́ləŋ
2257,t̓ə́yəm̓it
2258,waʔáčə
2259,wik
2260,wéʔqəs
2261,wéqəs
2262,wéyal
2263,wəwəsélʔs
2264,wə́wə
2265,xʷʔéyəqtal
2266,xʷʔíʔtčəs
2267,xʷʔítčəs
2268,xʷaʔxʷəwəxʷaʔ
2269,xʷcéʔə
2270,xʷc̓əw̓éčt
2271,xʷc̓sást
2272,xʷc̓əʔkʷélətəs
2273,xʷčétəs
2274,xʷčəsət čəɬ
2275,xʷčət
2276,xʷčə́m̓əs
2277,xʷčə́sət
2278,xʷčə́təŋ
2279,xʷčə́təs
2280,xʷč̓iyénəxʷ
2281,xʷč̓əméynəs; sč̓əmʔínəs
2282,xʷekʷəče
2283,xʷelŋəxʷ ; xʷilŋəxʷ
2284,xʷiʔl-
2285,xʷiʔst
2286,xʷil̓təs
2287,xʷists
2288,xʷisəlénəxʷ
2289,xʷkʷáq̓ət
2290,xʷk̓ʷəw̓íʔčən
2291,xʷk̓ʷət
2292,xʷk̓ʷə́təs
2293,xʷləkəlít
2294,xʷɬx̣ast
2295,xʷƛ̓iq̓ʷast; xʷəƛ̓iq̓ʷs
2296,xʷƛ̓ə́pneč
2297,xʷmətásəŋ
2298,xʷnə́čəŋ
2299,xʷqp̓ət
2300,xʷqə́lwəɬ
2301,xʷsƛ̓ə́č láʔsən
2302,xʷsqəléɬ
2303,xʷsáʔcəč
2304,xʷsáy̓q̓əm
2305,xʷsépsəm
2306,xʷsépsəm
2307,xʷséy̓q̓əm
2308,xʷsə́lətəŋ
2309,xʷtqət
2310,xʷtqət
2311,xʷtéwəl
2312,xʷtəq tə sqʷəqʷə́l̓
2313,xʷtəsáqan
2314,xʷyél̓qən
2315,xʷyél̓qənistxʷ
2316,xʷáyəm
2317,xʷéʔləm
2318,xʷéy sən
2319,xʷíʔləm
2320,xʷíʔtəŋ
2321,xʷílŋəxʷ
2322,xʷíltəs səʔ (?)
2323,xʷítəŋ
2324,xʷíxʷəŋ
2325,xʷələnítəm
2326,xʷənítəm
2327,xʷənəčə́ŋəs
2328,xʷəwʔeʔ sə čɬéniʔ
2329,xʷəwʔéʔ
2330,xʷəxʷačqə̓in
2331,xʷəxʷí
2332,xʷə́lək̓ʷt
2333,xʷə́ƛ̓qən
2334,xʷə́mət
2335,xʷə́nəŋtixʷ
2336,x̣aq̓
2337,x̣aq̓at
2338,x̣čit
2339,x̣čŋin (x̣čəŋín)
2340,x̣čŋín
2341,x̣čənə́xʷ
2342,x̣eʔx̣eʔ skʷéčəl
2343,x̣ec̓t
2344,x̣ečəŋ sŋenət
2345,x̣eɬəɬ tə čə́nəs
2346,x̣əw̓saləkʷəɬ
2347,x̣ič̓təŋ
2348,x̣iləx̣
2349,x̣ɬas
2350,x̣ɬast
2351,x̣ɬástxʷ
2352,x̣ɬíləkʷəs
2353,x̣pey
2354,x̣q̓əkʷéńəŋ
2355,x̣tit
2356,x̣tit cə sʔíɬn̓
2357,x̣títsən
2358,x̣təs
2359,x̣t̓ek̓ʷ
2360,x̣t̓ək̓ʷt
2361,x̣áʔq̓at
2362,x̣áčəʔ
2363,x̣áɬəs
2364,x̣áw̓əs; x̣əw̓es
2365,x̣éʔləw̓
2366,x̣éʔx̣eɬnét
2367,x̣éʔx̣ə
2368,x̣éʔəc̓
2369,x̣éčtəŋs
2370,x̣éčəŋ
2371,x̣éč́ət
2372,x̣éɬəɬ
2373,x̣éɬəɬ
2374,x̣éɬəɬ ʔə cə ɬqélč̓
2375,x̣éɬəɬ cən̓ šc̓əlélə
2376,x̣éɬəɬ tən̓ sc̓ámʔ
2377,x̣éɬəɬ x̣čəŋín
2378,x̣ét̓k̓ʷəl̓s
2379,x̣íʔel̓əx̣
2380,x̣íʔx̣əx̣əʔ
2381,x̣íʔənəŋ
2382,x̣íxʷə
2383,x̣əčtíŋ
2384,x̣əlʔə́laʔ
2385,x̣əlɬéen
2386,x̣əlx̣qiníŋ
2387,x̣əláŋiqən
2388,x̣ələč̓əsət
2389,x̣əl̓élʔs
2390,x̣əl̓él̓əʔ
2391,x̣əɬ
2392,x̣əɬ q̓ʷes
2393,x̣əɬ x̣čəŋín
2394,x̣ənʔéŋ
2395,x̣ənx̣ənítəl
2396,x̣ənét
2397,x̣ənétəŋ
2398,x̣əsíʔnəŋ
2399,x̣ətit
2400,x̣ətk̓ʷélʔs
2401,x̣ətsísəŋ
2402,x̣ət̓k̓ʷíŋəɬ
2403,x̣ət̓k̓ʷí́ŋʔəɬ cəw̓níɬ
2404,x̣əwx̣təléʔ
2405,x̣əx̣ɬəm̓əmətiŋ'
2406,x̣əx̣íʔləx̣
2407,x̣əx̣əmél̓s
2408,x̣ə́ləč̓sət
2409,x̣ə́ləč̓t
2410,x̣ə́l̓tən
2411,x̣ə́l̓ət
2412,x̣ə́l̓ətəs
2413,x̣ə́nəʔ
2414,x̣ə́nəŋə́n̓
2415,x̣ə́n̓əŋ
2416,x̣ə́šən̓
2417,x̣ə́t̓k̓ʷəlʔ
2418,x̣ə́w̓əŋə́qsən
2419,x̣θəm
2420,x̣ʷaŋ
2421,x̣ʷel
2422,x̣ʷel̓t
2423,x̣ʷiqéčəŋ
2424,x̣ʷix̣ʷiyáʔiyə
2425,x̣ʷix̣ʷəʔx̣ʷiʔ
2426,x̣ʷyəx̣ʷéls (?)
2427,x̣ʷáʔwem̓
2428,x̣ʷáŋən
2429,x̣ʷíʔləm̓
2430,x̣ʷíʔx̣ʷ
2431,x̣ʷíx̣ʷ
2432,x̣ʷəʔálx̣ʷələq̓ʷ
2433,x̣ʷəlq̓ʷíləŋ
2434,x̣ʷəléʔəɬč
2435,x̣ʷəléyɬč
2436,x̣ʷələ́q̓ʷ
2437,x̣ʷələ́q̓ʷtəŋ
2438,x̣ʷənáʔəsəŋ
2439,x̣ʷənéʔeŋ
2440,x̣ʷənéŋ
2441,x̣ʷənəkʷe̓n̓; x̣ʷə́nəŋkʷen̓
2442,x̣ʷənəŋkʷén
2443,x̣ʷən̓íŋ ʔáčə
2444,x̣ʷən̓íŋ; x̣ʷən̓éʔiŋ
2445,x̣ʷəŋ
2446,x̣ʷəŋéləqən
2447,x̣ʷəšt
2448,x̣ʷətáʔšən
2449,x̣ʷəx̣ʷáŋ
2450,x̣ʷəx̣ʷét
2451,x̣ʷəx̣ʷə́lt
2452,x̣ʷə́sqəq
2453,yaƛ̓et
2454,yat
2455,yeʔ
2456,yeʔ sxʷ
2457,yeʔsáŋ
2458,yeʔtaŋəs
2459,yeʔtál
2460,yeʔtáŋə
2461,yeʔtáxʷ
2462,yásəŋ
2463,yəqʷeʔəm
2464,yəsáʔst
2465,yəsáʔstəŋ
2466,yəsáʔsə
2467,yəxʷ
2468,yəxʷak̓ʷət
2469,yəx̣ʷəla̓ʔəs
2470,yəyásəŋ
2471,yə́čət
2472,(nə)səlséʔləs
2473,(ən)c̓éleʔ
2474,(ən)sɬil
2475,(ə)sciy̓qʷ
2476,(ə)sq̓ʷaq̓ʷey̓
2477,-ʔaləs
2478,-ʔáləɬ
2479,-elŋəxʷ
2480,-ləʔ
2481,-ɬšeʔ
2482,-ɬtə
2483,-áləɬ
2484,fuk
2485,kafi
2486,kul
2487,kuk
2488,kəmpúts
2489,kəšú
2490,unverified spelling
2491,unverified spelling
2492,unverified spelling
2493,unverified spelling
2494,unverified spelling
2495,unverified spelling
2496,unverified spelling
2497,unverified spelling
2498,unverified spelling
2499,unverified spelling
2500,unverified spelling
2501,unverified spelling
2502,unverified spelling
2503,unverified spelling
2504,unverified spelling
2505,unverified spelling
2506,unverified spelling
2507,unverified spelling
2508,unverified spelling
2509,unverified spelling
2510,unverified spelling
2511,unverified spelling
2512,unverified spelling
2513,unverified spelling
2514,unverified spelling = ex̣ən arm
2515,xéɬəɬ sn̓
2516,xíʔsəl̓
2517,xíʔsəl̓ sqəlqəlaθən
2518,ø
2519,ƛíʔ
2520,ƛí̓čət
2521,ƛí̓w̓
2522,ƛə̓cí̌̓təŋ
2523,ƛə̓nqʔéw̓txʷ
2524,ƛ’éyəw̓
2525,əʔ
2526,ənsčéʔi
2527,ənskʷéʔ
2528,ənsx̣əčt
2529,əntén
2530,əsƛ̓áƛ̓əm
2531,əsq̓épəɬ kʷsə qʷəlnə́kʷəɬtə
2532,əsxʷəley̓xʷiʔ
2533,əsə́ɬqʷ
