english,lummi
1,nüt′sa
10,o′pün
100,nat-sa-wütsh
1000,o-päntsh
_Personal Cardinals,-_
11,ó-pün it nüt′sa
12,ó-pün it chüs′sa
2,chüs′sa
20,"tsük-küs, tsük-wüs"
_Cardinals of Valuation,-_
3,klikhw
30,kl-whl-shá
4,ng-oss′
40,nüsl-shá
5,kl-kats′
50,küts'hl-shá
6,t'hünkh
60,tükh-hüm-shá
7,tsákws
70,skwl-shá
8,tats
80,tüsl-shá
9,tük'hw
90,to-wol-shá
A dressed skin,hül-la-kan
ABOVE,se-suk′tl
ADZE,s'chüm′mün
AFRAID,sái-sin
AFTER,il-kwâ-wüs
Afternoon,Skwey'el
ALDER,skwang-l'tch
ALIVE,"hal-ikh, hal-lé"
ALL,"makw, mokw"
Also,Tl'al
ALWAYS,"wai, wa-hái, o-wái-la;"
_always so_,wa-hái-yu shüng angs
Am,Do, Are,U'
And,I
And you,I' tse nekw
Anemone,SLhoLex
ANGRY,kwin-tün
Animals,TetoseLnexw
Arbutus (_A. Menzesii_),kō-kwéltsh
ARM,ta′lo;
_my arm_,n′ta′lo;
_right arm_,si-lä-me′ūs;
_left arm_,suk-kwe′ūs
ARROW,yitcht
ASHES,kwái-chp
AT,"_to be at_, lä-si _or_ lak-si;"
_he is at Lummi_,lä-si la Nūkh-lüm′mi
Atlas joint,kük-kak-w'chis
Aunt,shé-ilsh
Autumn,"chits-at-lin, tsa-whéngst"
AXE,"ku′küm. (küm-müt, _to chop_.)"
BACK,"_the_, stas-kwitl"
BAD,"h'äs, s'häs"
BAG _or sack_,chu-kwal′
BAIL A BOAT,"_to_, chi-kwást;"
(_in Simiamoo_),kwül′lüt
BALD,ko′a-lekw
bald eagle,yükh-wül-la
Barberry,skwâ-cha-sitsh
BARK,"_of the fir_, chül′li;"
_of the cedar_,sl-kwüm′
Barnacle,süm-mai-ya
Barnacles,Tsemie
BASKET,"_potato basket_, kl-päk;"
_load basket_,s'pi-chä;
_small basket_,pep-chälkh
BE,"_to_, _See ""at,"" ""live.""_"
_It is in the house_,lâk-si á-lung
be quiet,semexw
Beach Birds,"small snipe (_?generic_), pel-latsh, skeks"
BEADS,"_large blue kind_, shkwe′-kwün;"
_small white do._,tsüts-hüt;
_small green beads_,tchi-kwül-lekh′
Beak,nük′sünsh (v. _nose_)
BEAR,"_black_, schüt′hün;"
_grizzly_,kwe′chin
BEARD,kwin′s'n;
_moustache_,kwinks
BEAVER,skül-láu
BEFORE (_in point of time_),kwül-hés-lüt-sin
Bellingham,Xwotqwem
BELLY,"kwül′la, kläs"
BELOW,kläkhl
berries,selhteneng
Berries of do.,kül-lük
Big horn (_ovis montana_),kwe-kwüt-chen
big sea urchin,Xaox
Birch,kats-ül′tch
Birch Bay,Ts'awex
BIRD,"_water fowl_, mo′ōk;"
_small birds_,tséts-at-süm
BIRDS,_parts of_:
BITE,"_to_, tsing-ut-tüng"
BLACK,nük-kikh
Black Bear,Schetxwen
Black Cap,Chilqwome
Blackberries,SqeLaLnexw
BLANKET,"_feather blanket_ (_a native manufacture_), stüm-mo-whitl;"
_woollen do._,swâ-kwatl;
_white blanket_,pe-kál-kwüt;
_figured do._,nüt-sa′lo-wüt;
_red do._,nu-kwim;
_green do._,nük-chal-kwüt;
_blue do._,chi-al-küt;
_large dark blue do._,chil-tál-kwüt
BLAZE,"_to_, hu-tâ-ku"
BLIND,klä-litsh
BLOOD,säs-tchin
BLOW _with the breath_,"_to_, pa′-hwt;"
_blow the nose_,"_to_, nük-lüng-sin′na"
BLUE,chi-á-lis;
_pale_,ni-hwékw
Blue berry,MoLsem
blue heron,snekwe
Blue Jay,chi-ya
BOARD,"_planks_, sél-to"
Bob Cat,Kwechpish
BOIL,"_to_, kwül-lüs′"
BONE,"sōm, s'ham"
BORE,"_to_, _as with a gimlet_, slük′-wüt, nük-slük′wüt"
BOSOM (_female_),sküm′ma
Both do.,skül′la-hans
BOW,tsá-cha-sen
bowl,lo'sen
BOWSMAN,"_of canoe_, he′u"
BOX _or chest_,kla-yüks
BOY,"s'ch-chi-álkh, schi′atl, stet-látkl"
BRACELETS,"_of brass wire_, tsa-met-chin"
Brain,smet-küs
Brake fern,sük-ka-an′
brant,lholi
Brant (_Bernicla_),"hül-hül′tsh, hül-hül′cha"
BREAD,"_baked_, tau′ükh"
BREAK,"_to_, (_broken_), ti-kwüt-tüng"
BREAST (_chest_),tsüng′ütl
Breeze,PexwiLe
BRING,"_to_, an-ákh-hu"
BROAD,nükh-hwái-ük-w'tl
BROTHER,"_elder_, shi-itlkh;"
_younger_,"sái-tchin, ni-whâ-ka"
_if younger_,sái-tchin
Brother-in-law,_idem (?)_
Brown,Nekwiem
buck,"sist-ün, _i.e._ ""horned."""
BURN,"_I_, chükw′ sin;"
_it is burning_,ch'yükw
BURY,"_to_, (_to cache_), as-chá-nütl"
Butter Clam,Soxwe
BUY,"_to_, (_to trade or barter_), hwái-üm;"
_I want to buy_,"nus-whái-yüm, nus-klé-a-küng sül-kül′la (nus-klé,"
BYE AND BYE,o-wäs-hés
Calorhynchus,skwâ-ma
Canada Goose,ákh-ha
Canadian goose,Tl'akweng
Canoe,Snekwlh
CANOE (_generic_),skwâlkh;
_Chinook and Makah pattern_,"üt-hüs, ōt-hüs;"
_small do._,kük-ho′ütl;
_large Kawitchen canoe_,shwâ-atl;
_small fishing canoe_,sno′wh'tl;
_shovel-nosed or burden canoe_,klai
Canvass back (_Aythya_),hókh-ko-nitsh
CARRY,"_to_, süng-at′;"
_to carry on the back_,süng-áng;
_on the shoulder_,ang-ut-tün;
_in the hand_,wi-kwo-nat′
Cat-tail rush,s_á_-kün
Cattail mat,Slawen
CEDAR,"(_Thuja_), h'pai"
Cedar (_Thuja_),h'chá-chiltsh
Cedar bark,shl-kōm
cedar basket,Mehoy'
Cedar Mat,Ts'emet
CERTAINLY,"_of course_, ho′wüs"
Ch'si′o-wün,"_a particular gift or capacity acquired by fasting, etc.,"
chair,xwetsawechen
Chickadee (_Parus_),ts-ka-yis
CHIEF,si-ám
Chinook,"and probably in others, the word for ""thing"" is the same"
Chipmunk,Kwepichen
CHISEL,"_of stone_, sh-we′ükh"
Chiton,hül′lüng
CHOP WOOD,"_to_, küm′müt"
Chuckanut,Nexw T'chekenets
clam basket,Lhepat
CLEAR OFF,"_to_, (_of the weather_), s'ai-yüt-tung;"
_it is clearing off_,ta-chil shu-auk-hu (_clear it comes_)
Clear Skies,Ey' iLeng
CLEAR SKY,shu-ewk'h-hu
CLOTH,"_calico_, as-hálkh (_i.e. ""figured""_);"
_domestics_,pük'h; (_white_);
_baize_,tsats′a-whün;
_flannel_,tsül′whüm
CLOUDS,spa′hu;
_it is clouding over_,ta′chil nükh-no′-wüs
COAL,"_stone coal_, pe′chit"
COALS _of fire_,chtist
COAT,snu-éks
Cockle (_cardium_),sk′läm
Cockle Clam,SLho'em
Cod,ait
Cold (Weather),Ts'ixweng
Color,Q'etLe
COME,"_to_, n'a, e-ná;"
_I come from Simiamoo_,si-tü-sin Si-mi-a-mu;
_come with me_,nük-wá-shin-nus;
_come into the house_,"an-á-la we-lüng, _or_ an-ush-ta no é-lüng (a-lüng,"
_come near_ (_imp._),n'at′la
come here,ena' tachel
Continuous wind,SpxweLe
COOK,"_to cook on hot stones_, k'k'pak"
COOKED,"_it is cooked_ (""_done_""), kwül"
COPULATE,"_to_, sün-nókh"
Cormorant,mäs-sitch
Cougar,shwo′wa
COUGH,"_to_, ta′kwün"
COVER,"_to_, kle-hwés-tüng"
Crab,"bes-kwu, ä-chükh"
Crab apple tree,kükh-whétsh
CRADLE,pat′süts
crow,skwekwote
CRY,"_I_, ho-ang′sün"
CUP,mem′tük'h
Curlew,mük-mük-kwa
CUT _with a knife_,"_to_, shipt"
Cuttle fish,ské-mūk
Dad,Man
DANCE,"_to_, koi-el′lish, kwi-é-lish"
DARK,klatch
Dark Grey,Q'exeL
DAUGHTER,ng-ün′na
Daughter-in-law,skwá-lo-wis
Dawn,Ta'tu
DAY,skwá-chil
DEAD,"kwái-i, ko-áikh"
DEEP,klütsh
Deep Water Bay,PisheLaqen
DEER,"smis, smé-is, hōpt;"
_a buck_,"ses′tün (""_horned_"");"
_in Kawitchen_,hau-pa;
"_amongst the forest or ""Stick"" Indians_",klalk-ten-na
Dewberry,skül-nu-whélsh
DIG,"_to_, _roots in general_, pä-nükhw′, pän-hu;"
_potatoes_,si-a-kwáls;
_fern roots_,tlai-ükw;
_clams_,kükh-hül′la
DIRTY,tüng-hwäs′
dish,chawi
DISHES,nu-wh'tsh-kwé-la
distinction made,as in the Nisqually._)
DOG,"sko-mái, ská-ha"
Dog fish,Sky'ekshen
Dog Salmon / Chum,Quoloux
DON'T,kwe-ét
Done/Finished/Complete,Hoy'
DOOR,"_also road_, satl"
Down,skái-us
DREAM,"_to_, kül-kül-la′sin"
DRESS _a skin_,"_to_, e′ükh"
DRINK,"_to_, kâ-ko, nus-kâkh;"
_I drink_,kwa′kwa-sün
DRUM,"_to_, _as in conjuring or at dances_, kau-ä′tüng"
DRUNK,"_foolish_, as-hwákw, äs-hwákw-tün"
DRY,sel′-üp
DUCK,spl-häntl;
_mallard_,ti-nük-sen;
DULL,"_as a tool_, kül-lás"
Dusky Grouse,ng'e′et
Dwarf pine (_P. contorta_),kwákhwl-ch
eagle,kwelengsen
Eagles,"golden eagle, kwül′-lüng-sen;"
EAR,kwül′lün
EAR RINGS,sklau-ün
EARTH,"_the_, _land_, s'che-tung′a-whün, s'che-tüng-a-hüng;"
_earth_,"_dirt_, sé-yük"
East wind,Sches
EAT,"_to_, it′lün, it′l'nkh;"
_I eat_,"nit-sít-lin, it-lün-sün"
Ebb tide,hi-klatl'h
ECHO,sän-gün
Eel,Lelesen
EGG,"sn'lng-_á_nt, kwün-kwün-né"
EIGHT,"tas, tus-sä-la, tus-sält-hu"
ELBOW,"_or knee-joint_, kl-yüt-sé-tün"
Elder,tsé-wükh
Elder berry,Tsiweq'
Elder sister,á-lish;
_younger do._,sái-tchin
ELK,"kwáu-watsh, ky-yétsh, kai-yéts"
END,"_the end of anything_, sä-ans"
Entrails,ük-khes
Equisetum,"mäkhw, á-is-küd"
EVENING,t'tang′en
EVERY^1 THING^2,mükw^1 stang^2
EXCHANGE,"_to_, i-yakt′"
excuse me,qwaelex
EYE,kül′lüng
EYEBROW,süng′ün;
_one-eyed_,as-takws
FACE,sas
Fairhaven,SiseLech
falcon,ts'ixw ts'exw
Fall,PixweL
FAR,"chakw, chōkw"
FART,"tük-snitch. _It is the common expression of disgust at anything,"
FAT,"_adj._, tlet-lük"
FATHER,män
Father-in-law,slätl
fawn,stül-la
FEATHERS,"stá-kw, sl'pal′kan"
FEMALE,slá-ne
Ferndale,Titisen
FETCH,"_to_, an-ákhw"
Fierce animal,Q'etoseLnexw
FILE,"_a_, clük-hün;"
_to file_,chük-kás
Finches (_generic_),tch-kwa′kwa;
FIND,"_to_, kwün′nüng"
FINGER RINGS,hi-a′lüm-chis
FINGERS,chi-hals′
Fins,ká-ting-üs
Fir bark,t'chül-le
Fir cones,ta-má-ku-küns
FIR TREE,"chül-li-íltsh, chül-chils′;"
_fir bark_,chül-li
FIRE,chük-hós;
_bring fire_,kwün-tatsh
FIRST,il-chä-la
FISH,ETC.:
Fish Crow,sku-kwa′ta
FISH WEIR,"_large_, s'chi-yäk;"
_small do._,ti-k_á_p
FIVE,"kl-kats, kl-kätch-sä-la, kütch-sält-hu"
FLEA,tát-a-tlüm
FLESH,"_meat_, slé-ükw"
flicker (_P. Mexic._) tse′a,k't;
Flood tide,küm′mül
Flounder,o′we
FLY,"_a_, i-kwül′lüng, kwil-lüng"
FOG,spi-á-hwün
FOOD,"set-lün, sä-wün"
FOOLISH,as-hwäkw
FOOT,s'hün′na
FOOT-PRINT,hün-nüug′en
for the brook trout_,hu-má-na.)
Fore quarter,tä-los
FOREHEAD,skwang′us
fork,motsiseng
FORMERLY,kwüt-li sil-la
FOUR,"ng′oss, ni-s_á_-la, sält-hu"
FRIEND,klé-nük-wil;
_my friend_,"n's-klé; (_literally, I like him_.)"
Frog,Wexes
From,Che
Fruit of do.,ka-ákhw
FULL,hēts
FUNDAMENT,kla-wákh
Gadwal (_Chaulelasmus_),shes′-sün-na
Gall,müs-suns
GAME (_beaver teeth dice_),smi′-la-li
GET,"_to_, kwün′nüt;"
_I want^1 to get^2 pantaloons^3_,nus-klé-ük^1 kwün-nüt^2 sük-ké-üs^3;
_get something to eat_,"_fetch^1 food^2_, _imp._, kwün-nas-süng^1"
Get to work,Schay' ches
GIRL,"st-hlá-ni, sln-chá-atl"
GIVE,"_to_, (_to give as a present_), üng-us;"
_give it me_,"an-ákhw, (_i.e. bring it._)"
Gizzard,s'he′a-kwüns
GLOVES,"ts'-kwá-lit-cha, no-sé-sin"
GNAT,chetsks
GO,"_to_, h'ya;"
_I go_,"kwül-h'ya′-sün, yas-sin-sa;"
_I am going to Lummi_,yá-sin-kin Nūkh-lüm-mi;
_presently I will go_,wi-a-sin-sa;
_let us go_,is-tá;
_go you_,"_imp._, ho-ni-chitl'h;"
_go out_,"_imp._, ské-lüng, ho-nes-ké-lüng (a-lung, _house_);"
_go there,"a little further off_, yi-hé-wül-tül-lá"
golden eagle,cheskwin
Golden eye (_Clangula_),hül-hül-lül′o-witl
GOOD,aikh
Goodbye (Leaving),Hoy'kwche
Goodbye (Staying),Hoy'ekw
goose,exe
Gooseberry,küm-kwéltsh
Gooseberry Point,Tamxwiqsen
Grandfather,cha-mok
Grandmother,sé-la
Grandparent,Sile
GRASS,s'hüs-sái
GRAVE,"_serious_, ōkw-hüm′"
GREAT,"hai-yikh′, ke-yikh′"
Great Grandparent,Chomekw
Grebes (_Podiceps_),"skūl-küls′, hwa′nitsh, hwüt-tis"
GREEN,"ni-tlüt′h, nük-wai"
GREY HAIRED,süts-üm-mékhw
Gristle of vertebræ,kwa-á-lüs
grizzly,kwái-et-chin
grizzly bear,Kwey'etchen
ground robin,tül-tülk-si-nün;
Grunter,Sqwa'
Guillemot (_Uria_),"sko-kwa-kwüts, ko-kōkh-küts"
Gulls,"large kinds, kwün-né;"
GUM,"_resin_, _light wood_, smá-nitsh"
GUN,"_north west musket_, pú-yük (pu, _the sound of a gun_);"
_regulation musket_,yüm-k'sn;
_rifle_,hai-choi-i-kütl;
_double-barrelled gun_,"nu-chüs′a-kun (chüssa, _two_);"
_pistol_,"chi-chai-etl pú-yük (s'chi-chai-an, _an infant_);"
_revolver_,nün-hük-ün-ük-ün;
_to load a gun_,h'nu-wül-lüs′sün;
_to ram down the load_,sé-a-kün;
_to fire a gun_,"kwül-shül′la, (_Simiahmoo_) klüm-kwül′la"
GUNPOWDER,kwälkh;
_flints or caps_,kwül-län
Ha-áls,"_the principal super natural being, equivalent to_ Hun-né _of"
HAIL,klüm-whái-la
HAIR,si-at′tün
HALF,kl-chükh′
Halibut,So'tx
HAMMER,"_to_, h'kwüs′chis;"
_hammer_,"_a_, s'kwüs′chis"
HAND,sa′lüs
HANDLE,kült-shé-nün
Hare,ské-ka-was
hawk,pa'als
Hawks,"pa-áls, tsekhw-tsükhw, tül-kwe′mitl, tsi-ha-litsh;"
HE,"nekhl, nitlkh"
He (_that one_),"nel, nitlh"
HEAD,"s-kwáng-i, skwâng-i"
HEAR,"_to_, chis′a-lan"
HEART,"st-sá-la, tsá-la"
_In the sense of the mind_,h'ching-ing
HEAVY,hüm
Hello,Now'
Hemlock spruce (_Abies ---- ----_),s'ke-éltch
HERE,ti-á-kwu
Herring,slang-üt
herring roe,ché-mäsh
HIGH,ses'l
High tide,küm-küm′mül
His gun,tsä-ka po-yük
HONE,"_or whetstone_, shu-táks"
Honeysuckle,"kat-kat-éltsh, saltsh; (_the leaves are chewed as a"
Hoofs,kwâ-nüngs
Horns,tses′tün
Horse,stük-ké-u
Horse Clam,Swam
HOUSE,á-lüng;
_the posts that support the roof_,k_á_-kan;
_the ridge pole_,s'klüm-smelt-hu;
_side plates_,ha′met-sin
HOW,_how shall I do it?_ swün-né-üng-set ti-á?
hu-má-ni,_salmon fry._ (_This last word suggests the Spokane word
Huckleberry,Spixw'
humming bird,sxwexwetcheli
HUNCHBACKED,sko-mé-sin
HUNDRED,"nat′so-itch, nat′so-wütsh"
HUNGRY,kwá-kwi
HUNTER,tsüm-á-mün-sa;
_seal hunter_,nus-lám-ükh
HUNTING BAG,shit-t_á_-la
HUSBAND,n'stá-lush
Husband's other wives,sái-ya
hün-nün,_the hump-backed salmon_ (_S. Proteus_);
I,us
_suffixed to a verb_ (_copulative_),sün
I am from Lummi,Che xwlemi sen
I'm good,Ey' sen
ICE,"s'lel-lokh, sé-ma"
Iká,ni _of the Chinooks_
IN,"_into_, nu-äs;"
_put in_,"_imp._, nu-as′ ats-ches′sük;"
_to be at or in_,"lak-si; _vide ""live;""_"
_it is in the house_,lâk-si á-lüng
INDIANS,"_people_, atl-tá-ling-hu"
INFANT,"s'chi-chái-an, kük-ké, n's-chái-in"
Inner bark of do.,skwekhw
IRON,küm-tüm′
ISLAND,"kl-chas, s'kwüs-sá, sk'-sas"
JEALOUS,sā-si-si
Jump,Xwiteng
Kamass rat (_neotoma_),ná-wit
Kelp (_fucus gigantia_),kwá-ang
KETTLE,"_iron_, sklá-lup;"
_wooden_,sko′ten
KICK,"_to_, lüm-mat′"
Kidneys,sün-süns
KILL,"_to_, k'châ-tükh, ku-chel′la"
king fisher,s'shile
King Salmon / Chinook,Yomech
Kingfisher,süs-she′la
KISS,"_to_, nükh-wh'm-kwóst"
KNIFE,shpál-tin;
_do. with one edge_,il-kákh-han;
_two-edged_,wat-chä-han
KNOW,"_to_, Do you know Ské-ükl? (_a man of that name?_) hüt-ché-tüs-hu"
kwal-hu,"_S. canis_, SUCKLEY (_this name, it will be noticed, is"
kwül-yauk,_salmon when exhausted by spawning_;
ké-ükh,_S. truncatus_?
kütch′küs _Salmo scoulerí_,RICHARDSON;
LAKE,s'weltsh
LANCE,st-kwái-itch
Land otter,s'katl
Land snail (_helix_),wük-kük'h
LARGE,mokw
large clam (_Lutraria_),swäm
Large cottus,skün-nákhw
LAUGH,"_I_, nün-nái-yüng-sen"
LAZY,"sä′hüng, sakhw;"
_I am lazy_,sa′whüng-sin
LEAF,s'chá-sün
LEAP,"_to_, hwé-tüng"
Leaves,sats-tlá
LEG,"slá-hütsh, ská-kün;"
_calf of leg_,kátl-sün
LEND,"_to_, ä-yil"
LIAR,kai-yá-kan
Lichens,küt-che
LIE,"_I_, hukh-kái-ya-kün"
LIGHT,"_adj._, stá-tu"
Light Blue,Ney'eq
LIGHTNING,"cha-á-kwa-chük, cha-küts-o-kikh"
Lights,spül′hu
LIKE,shün-ángs
line up,tenest
Ling cod,Y'yet
Liquorice fern (_an expectorant_),klüs-síp
LISTEN,"_imp._, ni-hwú-i-yan"
LIVE AT,"_to_, läksi; (_this word appears to be the equivalent of the"
Liver,t'ä-kas
Liverworts,mükh′tül-lüs;
_a species of moss with a peppery taste,"used in medicine_, kät-si"
LONG,"_in dimension_, klä-kut"
LOOK OUT! kwá,la
LOOKING GLASS,"skwo-ná-süng, sku-ko-ná-süng, hu-ku-ná-sing;"
_the image or reflection in the glass_,kukh'-kütl
loon,swakwen
Loons (_Colymbus_),"swa′kwün, hwekhw-kwüs"
LOSE,"_to_, ek-kwa"
LOUSE,nüs′sün
LOVE,"_to_, nūs-tlé, nis-klé"
Low tide,sham′shüm
Lower joint of do.,s'hün-nüs
Lummi,Xwlemi
Lummi Bay,MomLi
Lummi Island,Smemiekw
Lynx,sküts-a′müs
MAGIC,"_conjuring_, ch'si-ó-wün;"
_for medicine_,shi-nám
Magpie,s'hün′nün
MAKE,"_to_, chai;"
_I am making a canoe_,chai its sno′hwütl;
_make fire_,"_imp._, chük-kós"
Make a fire,Chekwiws
Mallard (_a. Boschas_),ti-nük-sen
mallard duck,teneksen
MAMMALS,_parts of_:
MAN,swé-yi-ka
MANY,"n'gann, n'gün;"
_many people_,n'günhl-tá-ling-hu;
_I have many people_,n'gan al-tä-ling-hu ti-us
Maple (_A. macrophylla_),küm′ an-ilp
Marrow of legs,tüts-üsh′shins
MAT,slä′wün;
_the large mat used for making temporary lodges_,sá-letch;
_cedar bark mat_,"tsüm′müt, lo′kwai"
Me,I,Sen
Meat,slé-ük
MEND,"_to_, chüts-ül-kwüt′tün"
Merganser (_Mergus Am._),kwa-ōkw;
(_Mergus Serrator_),sküm-mätsh
MERRY,nüks-né-ni
MIDDLE (_of length_),á-no-wüls
Mink,"kai-yakh, s'ché-a-kün"
Mist Light rain,LheLhemexw
MISTAKE,"_to_, _either in speech or on the road_, mäl-min"
Mole,spi-lá-wün
MOLLUSCS,"RADIATES, ETC.:"
Mom,Tan
MOON,kl-káltsh
MORNING,skwá-chi
MOSQUITO,kwá-an
MOTHER,tān
Mother-in-law,_idem_
MOUNTAIN (_same as rock_),sng-ánt
Mountain Blueberries,WhomeLes
Mountain goat (_aploceras_),"swét-le, pi-külkh-kan"
Mouse,kwa′tün
MOUTH,sá-sün
MOVE FARTHER,yi-hé-wül tül-lá;
_go there_,tük′whist
Mt. Baker,KweLshan
MUCH,n'gun;
_much food_,n'gün sét-lün
Mussel,Lhaoqem
Mussel (_Mytilus_),klâ-küm
My,ti-us;
_prefixed to noun_ (_possessive_),"n's, nūs"
My canoe,nus-kwá n'shwâ-atl
My house is also there at Lummi,Tl'al sen tse ne a'leng la' etse Xwlemi
N. W. and North,s'chá-yüm
NAILS,"t'sâls, chi-sá-lis"
NAKED,klüt-säng
NAME,s'nä;
_my name_,"üs-nä. _Vide ""who.""_"
name of a tribe on Fraser River,generally known as Maskwies_);
_people living on the salt water_,"s'chit-lals′ha (klals, _the sea_);"
_River Indians_,"chis-tá-lo, stül-tá-lo (stá-lo, _a river_);"
_white men_,hwa-ni′tum
NAVEL,mük′h-hwoi-ye
NEAR,"kl-ké-a-ke, tüt-lé-kai, sti-talst′"
Neck,tatsh-süns
NEEDLE,chät′sün
NET,"_for catching ducks, etc._, tük′hüm;"
_seine_,aukh-whói-yen
NEW,háu-wüs
NIGHT,snat
NINE,"tük'hw, tük-whä-la, tük-whalt-hu"
Nisqually_ at-suts,"_and to be really an adverb signifying ""presence"""
_I live there_,läk-si tel-lá
NO,"a-wá, a-wükh′, ókh-wa"
NONE,"_there is none_, a-wün′na;"
_are you not ashamed?_ a,"wün-na s'hét-sil? (_literally ""no shame?""_)"
Nooksack,Nexw Ts'aq
North wind,Schoy'em
NOSE,nük′sün
NOSTRILS,skwá-lük-sen
NOW,"ti-a, ti-an′k'h"
_Simple Cardinals,-_
OAK,s'chüng-altsh
octopus,Skamoux
OFF SHORE,tâl
OLD,"tsa-küng, snük-kái;"
_an old man_,"as-á-lokh, as-mes′sün"
ONE,"nüt-sa, nat′sa, tsak′wüt-hu"
or by incantation,similar to the Chinook tamánowas_
Orange,KwiemeL
Oregon grape,Seni
Os calcis,kát-lin-süns
Oulakan (_thaleïchthys_),ti-a-ko-wa
Our country,tsá-kwün tüng′-hu
OUT DOORS,"sét-lüng (a′lüng, _a house_)"
owl,chietnexw
Owls,"great horned owl, che′-tüng-hu;"
Oyster,klokh-klokh
Oyster Catcher (_hematopus_),swó-kük
PADDLE,"_to_, ist"
pale do.,ni-hwekw
PAN,"_or plate_, lä-sün"
PANTALOONS,sük-ké-us
Pants,Seqiws
Paunch,spukh
Pencil fish,"_a small fish that comes in schools_, katl"
PENIS,shel-l_á_
PEOPLE,"_i.e._ _Indians_, atl-tá-ling-hu;"
_people inhabiting the woods_,"""_Stick Indians_,"" mäs-hwi (_whence the"
PERHAPS,yükh-whá
PIGEON,"h'mo, hüm-o'h"
PIN,"_a_, hüm-mén;"
_large blanket pin_,kwün-né-sing
Pink,Nesq' oLes
Pink Salmon / Humpy,Henen
PIPE,päkw
Pitch or rosin,smá-nitsh
PLANE,"_to_ (_boards_), shé-shüb; (_probably by onomatopœia_)"
PLANT,"_to_, chin-eng-ütl"
PLANTS,ETC.: (_See also Trees._)
please pass me the,leschenenges tse
PLENTY,n'gün
Plover,chit-hün-natsh′
POINT _of anything_,i-sük′sin
POOR,"_wretched_, sül-lá-wa"
Porcupine,Tse'TseLq'en
PORCUPINE QUILLS,tsüts-ül-kan
PORPOISE,kwá-nat
Portage,SiLes
Possum,Sq'eLhten
POSTS _for supporting the roof of a house_,kä-kan
POUND,"_to_ (_as seeds, grain_), kli-a-kwéng-ütl"
PRAIRIE,spelkh′han
PREGNANT,skä-kwi
PRESENTLY,hwa-sing-ang′a;
_in a little while_,"h'wes′ta-ál, hu-as-ta-al′"
Prickly pear (_cactus_),tsä-ta
PULL THE HAIR,"_to_, heng-ükw-tün"
PUT DOWN,"_to_, sä-kws"
PUT INTO,"_to_, _imp._, nu-ás ats-ches-sük"
PUT ON,"_to_, _pantaloons_, hük-éw-sing;"
_a coat_,hut-ché-tüng
quahog (_Saxidomus_),sákh-hwa;
Quills,stli-käl
Rabbit,Hepit
Raccoon,Sxy'ekwes
Racoon,blōps
RAIN,slüm′mōkh
Rainbow,Xweteshen
Raining,Lhemxw
RAISE UP,"_to_, sä-at"
RAKE,"_for taking herring and other small fish_, tlet′ha-men"
RAPID,"_in a river_, kwet′chüm"
Rat,Kwaten
Rat fish,Sqemene
Raven,sku-takh
RAW,hets
RED,"n'sük'h, n'sükw"
Red cedar (_Juniperus_),pits-in-ái-ilp
Red pine (_P. ponderosa_),kwa-kwa-yé-la-hilp
Red raspberry,tük′wüm
restroom,emetexw
Ribs,lük-h'ws
RIVER,stá-lo;
_small stream_,stá-ta-lo
ROAD,satl
ROAST,"_to_, _in ashes_, tül-lák;"
_on a stick_,s'kwül′lüng
robin,kweskek
Robins (_T. Naevius_),kwüs-kük'h;
(_T. Migrat._),tsel-tcha
ROCK,sng-ánt
Roe,he-a-hetl;
Root of do.,ko-ma-lokh
Roots,ko′mel-lokh
Roots of do. (_eaten_),skwi′yu
ROPE,hwé-lüm
Rose bush,kül-kél
Rotten wood,pi-kwái
Ruffed Grouse,"skwüts, skwüts′ha"
RUN,"_to_, kwâ-nüng-üt, kwá-nüng-it"
S'hui-áb,"_or_ S'hui-ám, _the pre-human demon race_"
s'it,lün^2;
_get into the canoe_,lä-ti kwüt-la-tsi ti shwá-atl; ái-ba kün
S. S. E.,skang-üt
S. W.,s'chis
SAD,"hätl-tin, hütch-ing′én"
Saddle or hind quarters,"as-satch-chatsh (chus-sa, _two_)"
SAIL,"_make sail_, _imp._, chai-a-kwün pa-kwün;"
_take in sail_,"_imp._, klüng-äs"
Salal Berry,Taqe'
SALAMANDER,pét-h'yil
SALMON,"_generic_, s'chän-hu.--"
Salmon berry,al-é-la
SALT,klat′lün
Salt water,TL'aLh
SAND BEACH,"s'het (_Lummi_), si-et′süm (_Kwantlen_)"
SAND SPIT,na-wa-létsh
Sand-hill Crane,slem
Sandy Point,Sly'eksen
Scales,slés
SCOOP,"_for bailing a canoe_, tsang′tün"
SCRAPE,"_to_, ekht"
SCRATCH,"_a_, si-héks"
_I scratch_,hi-kék-sün
SEA,"klals, kt'hlals"
Sea Cucumber,Tsikwt
Sea Ducks (_generic_),kwal′-hu
Sea egg (_Echinus_),skwét-si
Sea Lion,Eshes
Sea otter,tüm′müs
Sea slug (_holothuria_),sekt
Sea weeds,chil-lüm
seagull,kweni'
Seal,_á_ss′hu
SEE,"_to_, lang-üt, lang-it"
See you later,Langnexw sen -se
Sehome,Sy'hom
SELL,"_to_, hwi-mä′la"
SEVEN,"tsâkws, tsük-sä-la, sük-sält-hu"
SEW,"_to_, chets"
Shadow,Q'eq'etLe
SHAKE HANDS,"_to_, kwün-sest′"
SHALLOW,shái-shüm
SHARP,ái-yas
SHARPEN,"_to_, _to whet on a stone_, t'kas"
SHAWL,süt-sá-müsh
Shells,ká-ya-men
Shi-nám,_magic or medicine_
SHIRT,küts-á-lis;
"_""hickory"" shirt_",hütl-pé-wün
SHOES,"_moccasins_, s'klük′a-shin"
SHOOT,"_to_, _with a bow_, ts-män"
SHOT,hüs-üm-ákw
Shoveller (_Spatula_),klel-lük-tük-sen
Shrimp,TLemwechen
SICK,s'hatl
Silver Salmon / Coho,Q'echqs
Sinews of back,tüng-é-sens
Sinews of legs,kli-é-mins
SING,"_to_, t'e-lüm, te′lim"
SISTER,"_elder_, á-lish;"
_younger_,sái-tchin
Sister's husband,_idem_
Sister-in-law,s'ng-at′hwun
SIT,"_to_, üm-müt, üm-mit, tsüm-má-no"
sit still,enixw
SIX,"t'hünkh, tükh-hüng-ä-la, tükh-hüng-ält-hu"
Skate,kákh-kōkh
Skate fish,Q'aqo
SKIN,"_dressed_, hül-kün;"
_un-dressed_,kwül′lo
Skunk,süp-pük
SKY,"sé-ishl, skwái-yil"
Ské,ükl?
slang′üt; (lä,"tsi _seems to be ""at"" or ""into;"" vide ""at"" and"
_get fire wood_,"_to_, tük-kütsh′"
SLEEP,"_to_, ét-t-t, é-tüt-tüt, i-tit"
SLEEPY,a-tá-tüng
SLOWLY,o-s'n-ang'h
Slug (_limax_),kai-yat′lin
SMALL,mi-mé-min
small bird,tetem
Small brake,tsük′kwa
small kinds,skókh-kwa
small owl,kwai-el-hu
Small round clam (_Venus_),sküt-hlai;
Small sea Urchin,Sqw'itsi
small woodpeckers,tsüt-tüng
SMELL,"_a_, häkw"
Smelt /Hooligan,Q'eLhs
SMOKE,"_to_, _a pipe_, smä-nis-tin (smá-nüsh, _tobacco_);"
_as a fire_,spát-lüng
SNAKE,s'alkh′ka
SNEEZE,"_to_, hä-sing"
snipe,skekae
SNORE,"_to_, hwá-na-küng"
SNOW,ná-ka
Snow Berry,Pepiyes
snow finch,tchi-sa-wütsh
Snow Goose,"kla-wükh-han, kla-hwa′han"
Snow On the ground,Ngake
Snowberry bush,pat-saltsh
Snowing,Chiekw
Soap Berry,Sxwaasem
Sockeye,Seki
SON,ng-üu′na
Son or daughter,ng'ün′na
SOUL,"_the_, sül-lé"
SOUR,sá-han
South wind,Sqa'anget
SOW,"_to_, _grain_, _&c._, chái-its (chai, _to work_)"
Spanish moss,stül-hái-is
sparrow hawk,süs-so-wak-chil-la
SPEAK,"_to_, kwal"
SPEAR,"_to_, _water fowl_, t'kwa′-nüm;"
_seals_,sái-yüm-mün;
_fish_,t's-hüng′ün
Spider Crab,ku-kwátl-shin
Spirit Duck (_Albeola_),"hekh-kün-né, k'k-hün′na"
Spiræa,kads-sulch
SPLIT WOOD,"_to_, sküt"
spoon,lhopen
Spring,"tchin-kwé-lis, tchin-kwai-lus"
Spruce fir (_Abies Menzesii_),chi-kwüt′lp
Squalicum,Qwolouxqem
Squirrel,Ts'epsiosen
Squirrel (_sciurus_),tsip-si-á-sün
STAB,"_to_, met-át-üng-kwa;"
_Simiamoo_,ti-chet′üng-kwa
STAND,"_to_, sít-lün"
STAR,"kó-s'n, kâ-s'n"
Star fish,"kwül-lá-chi, kül-lä-sis"
Starfish,T'omeLtL'e
STAY,"_I will stay_, a-wüs-sin"
STEAL,"_I stole_, as-kwa-kan′;"
_you stole_,nük′wa kwa-kan′;
_he stole_,nikhl-kwa-kan′
Steamer clam,SkweLhey'
Steelhead,Q'ixw
STEER,"_to_, chün-nä-set; chük-ke-nüng"
STEERSMAN,"_of canoe_, as-kwá-at"
Step father,n's-gnä-ün
Step mother,_idem_
STOCKADE,"_fence_, kül-lükh′han"
Stommish Grounds,Wexlium
STONE,chet-hlákh;
_rock_,sng-ánt
Stone Crab,ku-kwin-nó-wa
STOP,"_I will stop here_, o-at′la-sün (_perhaps ""I have arrived""_);"
_stop_,"_imp._, _i.e. stop doing any thing_, un-nükhw kwá-tün s'chai;"
_stop_ (_when one is helped sufficiently to food_),hái;
_stop_ (_talking_),süm-mukh
Stormy,HoteLh
Story,Sxwiam
Strawberries,TiLeqw
STRIKE,"_to_, _with the fist_, nüt-sás-tüng"
STRIPED,as-hé-ütsh
Striped squirrel (_tamias_),hwé-pe-chin
STRONG,"kâm-küm, kwüm-kwüm"
STURGEON,skwá-wütsh
su-kwái,"_brook trout_ (_S. stellatus_, GRD.);"
Summer,"kwá-lus (kwá-lis, _warm_) tchin-é-yi"
SUN,sku-kül′
Sunshine,Esiteng
swallow,kwesechen
Swan,ho′ha-han
SWEET,"sak-küng (aikh, _good_)"
Swift (_Cypselus_),kuk-sátch
SWIM,"_to_, tüng-a-áng"
sük,ké (_not ascertained_);
table,sxwilhen
Tail,klap-ái-sin-itsh
TAKE,"_to_, kwün′nut (_same as to get_)"
TAKE OFF,"_to_, kl_á_-lis, klüt-sang′"
TALE,"_story_, skwül′kwül"
TALL,kl'k-tákhl
Teal (_Nettion_),"hüs-natch, chil-si′set"
TEETH,chin′nis
TEN,"o′pün, o-pün-ä-la, o-pün-ält-hu"
tern,xwitxw
Territory,Schetenexwen
TESTICLES,má-tchin
THANK YOU,hekh
THAT,"tül-lá, ta-lé;"
_that is Lucy's_,la Lucy ti-lé
The,Tse
the cat is walking,Sheteng tse Pish
the dog is running,Kwoninget tse Skwemey'
the Nisquallies_,"No-kw-makhl _of the Clallams and Skagits, and_"
Their father,k'sän män
THERE,ta-lá;
_there it is_,"e-i-té-i-ti, át-la-ti"
There at Lummi,La' etse Xwlemi
THEY,"nan-étl-ya, kw'si′a-hál-tün"
They're thinking,Kwenekwan-s
THIEF,kán-kan
Thighs,kat-chat-chs
Thimble berry,Teqwem
THING,"_things_, stang;"
_every thing_,nükw-stang
_It is noticeable that in this language,"as well as in the Nisqually,"
THIS,ti′et-hla
Thorns,chit-tüm-mäs
THOU,nükw;
_thyself_,tin-tsi′la;
_you are a Kanaka yourself_,Kanaka tin-tsi′la
THOUSAND,o-pántsh
THREAD,"_twine_, hwé-lum"
THREE,"klikhw, kl-whái-la, kl-whält-hu"
THROAT,haung′en
THROW,"_to_, _as a stone_, tsi-lakh;"
_to throw away_,hwélt-hu
(_In the Simiamoo dialect_,"é-kwüt; _to throw away with violence_,"
THUMB,süs-táls
THUNDER,s'hó-hwas
Thy,ti-nük-wa
Thy knife,süns-kwân's-päl-tün
Thyself,tin-tsi-la
tim,müt.)
to Eat,iLhen
to go across,ShoqweL
to go around,KeLiset
To Hear,Xwian
to Know,Xchit
To Listen,ELanen
to Look / See,Langet
to make,Chay'
to play,Emna'
to Run,Kwoninget
to Sit,Emet
to Sleep,it't
To stand,SiLheng
to swim,Shishqwom
to talk,Qwal
to Think,Kwenekwan
to Train,Kwechost
to Walk,Sheteng
to work,Schay'
to Write,XeLet
TO-DAY,"ti-a-káis, ti-o-skwá-chil"
TO-MORROW,"kwá-chil, kwái-ikhl"
TOBACCO,smá-nüsh
TOBACCO POUCH,smá-na-shá-la
TOES,"s'chüs'sün, snó-hwl-shin"
TONGUE,té-whls
Tools,Chey'ten
TRADING HOUSE _or store_,"shwui-mäl (hwi-mä-la, _to sell_)"
Trailing arbutus (_A. uva-ursi_),kwün-neltsh; _the leaves of this
TREES,"_forest_, s'ki-lá-lüng-hu"
Trout,Ts'sqwey'
Tule or round rush,skwül-lül
TWO,"chus-sa, chá-sa, tch's-sält-hu"
tüghs,"_salmon trout_ (_S. Campbelli_, SUCKLEY);"
Uncle,"latl, hai'tch; (_as the nephew grows older, the uncle becomes"
UNCOVER,"_to_, küt-lést"
"UNDERSTAND,",-
_I understand that_,hüt-che-tu ti-ats;
_I don't understand_,o-ná kwins-hu-chet;
_Do you understand Clallam?_ hüt,che-tüt kwüs-sa Nūs-klái-yūm?
URINATE,"ché-wa. (_This applies to either sex, there not being a"
Village Point,SkyLekshen
Vine maple (_A. circinata_),shé-chülp
W. N. W.,tent-sa-lük
WALK,"_to_, s-tüng, sh-tüng"
WANT,"_to_, sklé;"
_I want_,n's-klé;
_I don't want_,á-wa sins-kle
Warblers,hu-hwül-lüsh
WARM,"kwass, kwá-lüs"
Warm / Hot,Kwaeles
WARRIOR,"nus-chang-kün, mich-kül′lo-wütl"
WASH,"_to_, (_the hands_), tsük-sé-sümg;"
(_clothes_),tsük-ül-kwo′-tüng;
_I wash_,sa-kwüm′sün
(_the face_),tsük-wá-süng;
wash your hands,ts'ekwsiseng
WATER,kaukh
WAVES,skwüt-la-lák-ün
WE,"ninglkh, kl-ning-ülkh"
Weasel,kül-ké-la
Weather,Skwey'eLe
West,ste-wüt
West Shore Village,T'Lopi
West wind,Stiwet
WET,"klük-sét, tsa-müng"
Whale,Qwenes
WHAT,"stäng, stäng-wüt;"
_what is that?_ stang ti,á?
_what are you doing?_ stang nis,chai?
_what?_ (_in answer to a call_),stang?
_what is the matter with you?_ es,tang hat-su?
_what do you want?_ stang sins,kle ti-nük-wa;
Whelk,sük-kwái-yükh
WHERE,a-hén;
_where is my gun?_ t'hén,ku ken po-yük?
_I don't know where_,kwá-hen ish-tük′ka;
_where do you come from (whence you?)_ tsa-héns-hu,tsa-hénts-hu?
_where are you going (whither you?)_ t'whéns-hu,twéntst-hu?
Where are you from,Che xin sxw
Where is your house?,Exin kw-en a'leng
Whirl wind / Whirl Pool,Schonges
WHISTLE,"_to_, sh-pi-lás"
WHITE,pük'h
White fir (_A. grandis_),sko′-me-yüks
WHO,"wät, wat;"
_who did that?_ wat′la kwuts,chái-a ti-a?
"_what (literally ""who"") is your name?_ wat",tun-má? wat kud sna?
WIFE,n'stá-lush (_same as husband_)
Wild onion,swél-nitsh
Wild pea,hüm-kwai-á-sin
Wild rye,pshai
Willow,swül-létsh
Willow bark (_used for making seines_),swá-lakh
WIND,st-châng
Wind-pipe,hwang-ün
Wing,"ki-ka′al, sk-ká-al"
WINGS,sk-käl
Winter,"chints-é-hüm, chin-sá-tütsh, sá-titsh"
WIPE,"_to_, (_the face_), nu-hwa-chá-süng;"
(_the hands_),chékw-sim
WOLF,st-kái-ükh
WOMAN,slá-ni
WOOD,s'chütl;
_a log_,kwt-hlái;
_dry wood_,stä-ta-chi
Wood fern,s'hä-lüm
wood pecker,tsikwt
Woodpeckers,"logcock, skwül-lüt′tün;"
WORK (_do_,"_make_), chái"
WORTHLESS,kl-hül-o-_á_s
Wren,te′ti-tüm
WRESTLE,"_to_, tsäl-tüng"
WRITE,"_to_, hül′lüt"
Yarrow (_Achillia multifolia_),pül-lé-a-kwütsh; (_it is used to
YAWN,"_to_, we′a-küs"
YE,"YOU, nük-kwé-li-é"
YELLOW,"n's-kwül-la-wün, nük-wai"
Yellow-shank Snipe,skük-ka′-ye
Yellowish green,Ts'epopeL
YES,a-áh;
_yes indeed,"certainly_, ho′wüs, hu′üs, si-ēt"
YESTERDAY,chi-lak'hl
Yew,tlng-kálsh
You,Sxw
You (with emphasis),Nekw
YOUNG,s'hwé-wils
Your,En
Your house,tsüng a′nüng hä-la
yó-mutsh,"_S. quinnat_, RICH.;"
Yūtl-ma,"_or_ Shwâ-mat-wun, _the spirit that presides over good"
